name,distance,stellar_magnitude,planet_type,discovery_year,mass_multiplier,mass_wrt,radius_multiplier,radius_wrt,orbital_radius,orbital_period,eccentricity,detection_method,Star Type Complex,Star Type Simple
61 Virginis c,28,4.6955,Neptune-like,2009,18.2,5972200000000000000000000,0.398,11.209,0.2175,0.10403833,0.14,Radial Velocity,G8 III,G
61 Virginis d,28,4.6955,Neptune-like,2009,22.9,5972200000000000000000000,0.456,11.209,0.476,0.33675563,0.35,Radial Velocity,K4 III,K
AU Microscopii b,32,8.81,Neptune-like,2020,20.12,5972200000000000000000000,0.363,11.209,0.0645,0.023271732,0.19,Transit,K0 III,K
AU Microscopii c,32,8.81,Neptune-like,2021,9.6,5972200000000000000000000,0.289,11.209,0.1101,0.051745377,0.04,Transit,K0 V,K
BD-06 1339 b,66,9.7,Neptune-like,2013,8.5,5972200000000000000000000,0.254,11.209,0.0428,0.010677618,0,Radial Velocity,G3 V,G
BD-08 2823 b,135,9.86,Neptune-like,2009,12.7132,5972200000000000000000000,0.322,11.209,0.06,0.015331964,0.15,Radial Velocity,K3 III,K
BD-11 4672 c,89,10.03,Neptune-like,2020,15.37,5972200000000000000000000,0.36,11.209,0.3,0.20314851,0.4,Radial Velocity,G6 III,G
BD+20 594 b,585,10.849,Neptune-like,2016,22.2481,5972200000000000000000000,0.23,11.209,0.241,0.11416838,0,Transit,K7 V,K
CoRoT-22 b,2046,13.82,Neptune-like,2014,12.2,5972200000000000000000000,0.435,11.209,0.092,0.026830938,0.08,Transit,G3 IV,G
CoRoT-24 b,1930,15.383,Neptune-like,2014,5.7,5972200000000000000000000,0.33,11.209,0.056,0.013963039,0,Transit,K0 IV,K
CoRoT-24 c,1930,15.383,Neptune-like,2014,28,5972200000000000000000000,0.44,11.209,0.098,0.03230664,0,Transit,K0 IV,K
CoRoT-7 c,522,11.728,Neptune-like,2009,8.4,5972200000000000000000000,0.253,11.209,0.046,0.010130048,0,Radial Velocity,M V,M
DMPP-1 b,204,7.98,Neptune-like,2019,24.27,5972200000000000000000000,0.472,11.209,0.1462,0.050924025,0.083,Radial Velocity,M3.5 V,M
DMPP-1 c,204,7.98,Neptune-like,2019,9.6,5972200000000000000000000,0.273,11.209,0.0733,0.018069815,0.057,Radial Velocity,M6,M
EPIC 211945201 b,593,10.154,Neptune-like,2018,27,5972200000000000000000000,0.514,11.209,0.1493,0.05338809,0,Transit,M8,M
EPIC 212737443 b,1097,14.81,Neptune-like,2019,7.2,5972200000000000000000000,0.231,11.209,0.098,0.037234772,0.2,Transit,K1 III,K
EPIC 212737443 c,1097,14.81,Neptune-like,2019,7.7,5972200000000000000000000,0.24,11.209,0.28,0.17960301,0.2,Transit,K1.5 III,K
EPIC 249893012 c,1048,11.429,Neptune-like,2020,14.67,5972200000000000000000000,0.327,11.209,0.13,0.042710472,0.07,Transit,G0 V,G
EPIC 249893012 d,1048,11.429,Neptune-like,2020,10.18,5972200000000000000000000,0.352,11.209,0.22,0.097741276,0.15,Transit,G1 V,G
GJ 1151 c,26,13.76,Neptune-like,2023,10.62,5972200000000000000000000,0.29,11.209,0.5714,1.0669404,0,Radial Velocity,G0V,G
GJ 1214 b,48,15.1,Neptune-like,2009,8.17,5972200000000000000000000,0.245,11.209,0.0149,0.004380561,0.063,Transit,F0 IV,F
GJ 1265 b,33,14.01,Neptune-like,2018,7.4,5972200000000000000000000,0.234,11.209,0.026,0.010130048,0.04,Radial Velocity,G5V,G
GJ 143 b,53,8.08,Neptune-like,2019,22.7,5972200000000000000000000,0.233,11.209,0.1915,0.09746748,0.19,Transit,K0 IV-V,K
GJ 15 A c,12,8.09,Neptune-like,2018,36,5972200000000000000000000,0.595,11.209,5.4,20.8,0.27,Radial Velocity,G8V,G
GJ 160.2 b,84,9.7,Neptune-like,2014,10.2,5972200000000000000000000,0.283,11.209,0.053,0.014236824,0.06,Radial Velocity,G8 V,G
GJ 163 b,49,11.79,Neptune-like,2013,10.6,5972200000000000000000000,0.29,11.209,0.0607,0.023545519,0.07,Radial Velocity,G8 V,G
GJ 163 c,49,11.79,Neptune-like,2013,6.8,5972200000000000000000000,0.223,11.209,0.1254,0.07008898,0.1,Radial Velocity,G8V,G
GJ 163 d,49,11.79,Neptune-like,2013,29.4,5972200000000000000000000,0.528,11.209,1.0304,1.7,0.37,Radial Velocity,K0 IV,K
GJ 180 b,39,10.914,Neptune-like,2014,6.49,5972200000000000000000000,0.217,11.209,0.092,0.04681725,0.07,Radial Velocity,G5 V,G
GJ 180 c,39,10.914,Neptune-like,2014,6.4,5972200000000000000000000,0.215,11.209,0.129,0.06652977,0.09,Radial Velocity,G5 V,G
GJ 180 d,39,10.914,Neptune-like,2020,7.56,5972200000000000000000000,0.237,11.209,0.309,0.29103354,0.14,Radial Velocity,G5 V,G
GJ 2056 b,93,10.37,Neptune-like,2020,16.2,5972200000000000000000000,0.372,11.209,0.283,0.19164956,0.72,Radial Velocity,K1 III,K
GJ 229 A c,19,8.15,Neptune-like,2020,8.57613,5972200000000000000000000,0.256,11.209,0.384214,0.33374402,0.37,Radial Velocity,K1III(+M),K
GJ 229 b,19,8.15,Neptune-like,2014,14.85045,5972200000000000000000000,0.353,11.209,1.086215,1.6,0.4,Radial Velocity,G5V,G
GJ 27.1 b,77,11.45,Neptune-like,2014,13,5972200000000000000000000,0.327,11.209,0.101,0.04325804,0.08,Radial Velocity,G3 III,G
GJ 3082 b,54,11.041,Neptune-like,2020,8.2,5972200000000000000000000,0.249,11.209,0.079,0.032580424,0.22,Radial Velocity,K0,K
GJ 3138 d,93,10.8275,Neptune-like,2017,10.5,5972200000000000000000000,0.288,11.209,0.698,0.7058179,0.32,Radial Velocity,G5 III,G
GJ 3222 b,59,6.9,Neptune-like,2022,11.73969,5972200000000000000000000,0.308,11.209,0.091179,0.029295003,0.93,Radial Velocity,K0 III,K
GJ 3293 c,66,11.945,Neptune-like,2015,21.09,5972200000000000000000000,0.434,11.209,0.36175,0.33566052,0.11,Radial Velocity,K2 V,K
GJ 3293 d,66,11.945,Neptune-like,2017,7.6,5972200000000000000000000,0.238,11.209,0.19394,0.13169062,0.12,Radial Velocity,F8 V,F
GJ 3341 b,77,12.062,Neptune-like,2015,6.6,5972200000000000000000000,0.219,11.209,0.089,0.03887748,0.31,Radial Velocity,M1,M
GJ 338 B b,21,7.7,Neptune-like,2020,10.6,5972200000000000000000000,0.29,11.209,0.142,0.06680356,0.11,Radial Velocity,M1,M
GJ 3473 c,89,13.74,Neptune-like,2020,7.41,5972200000000000000000000,0.235,11.209,0.0876,0.042436685,0,Radial Velocity,K2 V,K
GJ 357 d,31,10.91,Neptune-like,2019,6.1,5972200000000000000000000,0.209,11.209,0.204,0.15249829,0,Radial Velocity,G5,G
GJ 3634 b,66,11.938,Neptune-like,2010,8.4,5972200000000000000000000,0.253,11.209,0.0287,0.007118412,0.08,Radial Velocity,K0,K
GJ 3779 b,45,13.04,Neptune-like,2018,8,5972200000000000000000000,0.245,11.209,0.026,0.008213553,0.07,Radial Velocity,K2 II,K
GJ 3929 c,52,12.675,Neptune-like,2022,5.71,5972200000000000000000000,0.201,11.209,0.081,0.04106776,0,Radial Velocity,K2 II,K
GJ 3942 b,55,10.166,Neptune-like,2017,7.14,5972200000000000000000000,0.229,11.209,0.0608,0.01889117,0.12,Radial Velocity,K5 III,K
GJ 3998 c,59,10.844,Neptune-like,2016,6.26,5972200000000000000000000,0.212,11.209,0.089,0.037508555,0.05,Radial Velocity,G,G
GJ 414 A b,39,8.31,Neptune-like,2021,7.6,5972200000000000000000000,0.235,11.209,0.2324,0.13908282,0.45,Radial Velocity,K1,K
GJ 422 b,41,11.66,Neptune-like,2014,11.07,5972200000000000000000000,0.297,11.209,0.111,0.0550308,0.11,Radial Velocity,K0 III,K
GJ 4276 b,70,12.903,Neptune-like,2019,16.57,5972200000000000000000000,0.377,11.209,0.082,0.0366872,0.37,Radial Velocity,K3 III,K
GJ 433 b,30,9.81,Neptune-like,2011,6.043,5972200000000000000000000,0.208,11.209,0.062,0.020260096,0.04,Radial Velocity,K0,K
GJ 433 c,30,9.81,Neptune-like,2014,32.422,5972200000000000000000000,0.56,11.209,4.819,14,0.12,Radial Velocity,K3,K
GJ 436 b,32,10.67,Neptune-like,2004,22.1,5972200000000000000000000,0.372,11.209,0.0291,0.007118412,0.14,Radial Velocity,K0,K
GJ 480 b,46,11.49,Neptune-like,2020,13.2,5972200000000000000000000,0.33,11.209,0.068,0.026283368,0.1,Radial Velocity,K0,K
GJ 581 b,21,10.57,Neptune-like,2005,15.8,5972200000000000000000000,0.366,11.209,0.04061,0.014784395,0,Radial Velocity,G0,G
GJ 674 b,15,9.38,Neptune-like,2007,11.09,5972200000000000000000000,0.297,11.209,0.039,0.012867898,0.2,Radial Velocity,K7/M0 V,K
GJ 676 A e,52,9.58,Neptune-like,2012,6.69167,5972200000000000000000000,0.221,11.209,0.180707,0.0971937,0.15,Radial Velocity,K7/M0 V,K
GJ 682 c,16,10.94,Neptune-like,2014,8.7,5972200000000000000000000,0.258,11.209,0.176,0.15687884,0.1,Radial Velocity,K3 V,K
GJ 685 b,47,9.98,Neptune-like,2019,9,5972200000000000000000000,0.263,11.209,0.1344,0.066255994,0,Radial Velocity,K3 V,K
GJ 687 b,15,9.15,Neptune-like,2014,17.2,5972200000000000000000000,0.385,11.209,0.163,0.104312114,0.17,Radial Velocity,K0 V,K
GJ 687 c,15,9.15,Neptune-like,2020,16,5972200000000000000000000,0.369,11.209,1.165,2,0.4,Radial Velocity,K7 V,K
GJ 720 A b,51,9.84,Neptune-like,2021,13.64,5972200000000000000000000,0.336,11.209,0.119,0.05338809,0.12,Radial Velocity,K7V,K
GJ 876 d,15,10.16,Neptune-like,2005,6.83,5972200000000000000000000,0.224,11.209,0.020807,0.005201916,0.21,Radial Velocity,G5 IV/V,G
GJ 876 e,15,10.16,Neptune-like,2010,14.6,5972200000000000000000000,0.35,11.209,0.3343,0.34031487,0.06,Radial Velocity,K5 V,K
GJ 887 c,11,7.56,Neptune-like,2020,7.6,5972200000000000000000000,0.238,11.209,0.12,0.059685145,0,Radial Velocity,K7 V,K
GJ 9689 b,100,11.297,Neptune-like,2020,9.65,5972200000000000000000000,0.274,11.209,0.1139,0.050102666,0.29,Radial Velocity,K7 V,K
GJ 96 b,39,9.4,Neptune-like,2018,19.66,5972200000000000000000000,0.417,11.209,0.291,0.20232718,0.44,Radial Velocity,M5.0 V,M
Gl 49 b,32,9.56,Neptune-like,2019,5.63,5972200000000000000000000,0.2,11.209,0.0905,0.038056124,0.36,Radial Velocity,M9-L1,M
Gl 686 b,27,9.62,Neptune-like,2018,6.624,5972200000000000000000000,0.22,11.209,0.091,0.042436685,0.05,Radial Velocity,M3.5,M
HAT-P-11 b,123,9.46,Neptune-like,2008,26.69772,5972200000000000000000000,0.389,11.209,0.05254,0.013415469,0.22,Transit,K7,K
HAT-P-26 b,463,11.757,Neptune-like,2010,22.2481,5972200000000000000000000,0.63,11.209,0.0479,0.011498973,0.12,Transit,M3 V,M
HATS-37 A b,691,12.341,Neptune-like,2020,31.46517,5972200000000000000000000,0.606,11.209,0.04913,0.011772759,0,Transit,K5e,K
HATS-38 b,1121,11.967,Neptune-like,2020,23.51942,5972200000000000000000000,0.614,11.209,0.05036,0.012046544,0,Transit,G0 V,G
HATS-72 b,416,12.324,Gas Giant,2020,39.85588,5972200000000000000000000,0.722,11.209,0.066517,0.019986311,0.013,Transit,K1 V,K
HATS-7 b,785,13.347,Gas Giant,2015,38.1396,5972200000000000000000000,0.563,11.209,0.04012,0.008761123,0.17,Transit,F6 V,F
HD 10180 d,127,7.33,Neptune-like,2010,11.75,5972200000000000000000000,0.308,11.209,0.12859,0.044900753,0.13,Radial Velocity,G0 V,G
HD 10180 e,127,7.33,Neptune-like,2010,25.1,5972200000000000000000000,0.481,11.209,0.2699,0.13607119,0.05,Radial Velocity,F9 V,F
HD 10180 f,127,7.33,Neptune-like,2010,23.9,5972200000000000000000000,0.468,11.209,0.4929,0.33593428,0.12,Radial Velocity,G5 V,G
HD 10180 g,127,7.33,Neptune-like,2010,21.4,5972200000000000000000000,0.438,11.209,1.427,1.7,0.26,Radial Velocity,G2 V,G
HD 102365 b,30,4.89,Neptune-like,2010,16,5972200000000000000000000,0.369,11.209,0.46,0.33429158,0.34,Radial Velocity,G9 V,G
HD 103197 b,186,9.4,Neptune-like,2009,28.6047,5972200000000000000000000,0.52,11.209,0.25,0.13086927,0,Radial Velocity,F9 V,F
HD 105618 b,229,8.63,Neptune-like,2022,25.14472,5972200000000000000000000,0.482,11.209,0.09124,0.027378507,0.45,Radial Velocity,G2 V,G
HD 106315 b,357,8.951,Super Earth,2017,12.6,5972200000000000000000000,0.218,11.209,0.0907,0.026283368,0.09,Transit,G2 V,G
HD 106315 c,357,8.951,Neptune-like,2017,15.2,5972200000000000000000000,0.388,11.209,0.1536,0.057768654,0.22,Transit,F8 IV,F
HD 107148 c,161,8.01,Neptune-like,2021,19.89606,5972200000000000000000000,0.42,11.209,0.1407,0.050102666,0.34,Radial Velocity,G3 V,G
HD 108236 d,211,9.25,Neptune-like,2020,6.98,5972200000000000000000000,0.227,11.209,0.1074,0.03887748,0.06,Transit,G0 V,G
HD 108236 e,211,9.25,Neptune-like,2020,9.71,5972200000000000000000000,0.275,11.209,0.1367,0.053661875,0.06,Transit,K1 V,K
HD 109271 b,182,8.04,Neptune-like,2013,17.162,5972200000000000000000000,0.385,11.209,0.079,0.02162902,0.25,Radial Velocity,K1 V,K
HD 109271 c,182,8.04,Neptune-like,2013,24.154,5972200000000000000000000,0.47,11.209,0.196,0.08459959,0.15,Radial Velocity,F9,F
HD 110082 b,343,9.23,Neptune-like,2021,10.3,5972200000000000000000000,0.285,11.209,0.113,0.027926078,0.2,Transit,G8/9 IV,G
HD 110113 c,347,10.09,Neptune-like,2021,10.5,5972200000000000000000000,0.288,11.209,0.068,0.0183436,0.05,Radial Velocity,K0 V,K
HD 115404 A b,36,6.50066,Neptune-like,2022,30.03873,5972200000000000000000000,0.535,11.209,0.088127,0.028747434,0.23,Radial Velocity,F3 V,F
HD 11964 c,109,6.41525,Neptune-like,2008,25,5972200000000000000000000,0.48,11.209,0.229,0.10376455,0.3,Radial Velocity,G3 V,G
HD 12235 b,104,5.88051,Neptune-like,2022,10.33369,5972200000000000000000000,0.285,11.209,0.053918,0.012046544,0.38,Radial Velocity,G2 IV,G
HD 125595 b,92,9.03,Neptune-like,2009,6.3566,5972200000000000000000000,0.214,11.209,0.08,0.026557151,0,Radial Velocity,F6 V,F
HD 125612 c,188,8.31,Neptune-like,2009,15.17685,5972200000000000000000000,0.358,11.209,0.051386,0.011498973,0.15,Radial Velocity,F3 V,F
HD 134060 b,78,6.29,Neptune-like,2019,10.1,5972200000000000000000000,0.282,11.209,0.0444,0.009034907,0.45,Radial Velocity,F9 V,F
HD 134060 c,78,6.29,Neptune-like,2019,29.29,5972200000000000000000000,0.527,11.209,2.3928,3.5,0.11,Radial Velocity,F9 V,F
HD 136352 c,48,5.65,Neptune-like,2019,11.24,5972200000000000000000000,0.26,11.209,0.1721,0.07556468,0,Radial Velocity,G9 V,G
HD 136352 d,48,5.65,Neptune-like,2019,8.82,5972200000000000000000000,0.229,11.209,0.425,0.2934976,0,Radial Velocity,G9 V,G
HD 13808 b,92,8.36,Neptune-like,2021,11.2,5972200000000000000000000,0.299,11.209,0.10519,0.03887748,0.07,Radial Velocity,G9 V,G
HD 13808 c,92,8.36,Neptune-like,2021,9.96,5972200000000000000000000,0.279,11.209,0.2554,0.14729637,0.16,Radial Velocity,K1 V,K
HD 140901 b,50,6.01,Neptune-like,2022,14.64775,5972200000000000000000000,0.35,11.209,0.084501,0.024640657,0.47,Radial Velocity,G3 V,G
HD 141004 b,39,4.4154,Neptune-like,2021,13.63484,5972200000000000000000000,0.336,11.209,0.1238,0.042436685,0.16,Radial Velocity,G0 VI,G
HD 1461 b,77,6.47933,Neptune-like,2010,6.44,5972200000000000000000000,0.216,11.209,0.0634,0.015879534,0.172,Radial Velocity,L1.5,L
HD 147379 b,35,8.61,Neptune-like,2017,28.55,5972200000000000000000000,0.519,11.209,0.323,0.23764546,0.07,Radial Velocity,M0.5,M
HD 151450 b,142,7.43,Neptune-like,2022,37.24604,5972200000000000000000000,0.607,11.209,0.159926,0.05995893,0.5,Radial Velocity,F8 V,F
HD 152843 b,352,8.855,Neptune-like,2021,11.56,5972200000000000000000000,0.304,11.209,0.1053,0.03175907,0.14,Transit,F8 V,F
HD 15337 c,146,9.1,Super Earth,2019,8.11,5972200000000000000000000,0.213,11.209,0.1268,0.047091037,0.05,Transit,F8 V,F
HD 153557 b,59,7.83,Neptune-like,2022,20.05856,5972200000000000000000000,0.422,11.209,0.068049,0.019986311,0.07,Radial Velocity,F5 V,F
HD 153557 c,59,7.83,Neptune-like,2022,17.30766,5972200000000000000000000,0.387,11.209,0.111312,0.041889116,0.51,Radial Velocity,K0 V,K
HD 155918 b,90,7,Neptune-like,2022,7.50192,5972200000000000000000000,0.236,11.209,0.030046,0.005201916,-0.08,Radial Velocity,G6 V,G
HD 164595 b,92,7.08597,Neptune-like,2015,16.14,5972200000000000000000000,0.371,11.209,0.23,0.10951403,0.09,Radial Velocity,K3 V,K
HD 189567 b,58,6.074,Neptune-like,2021,8.5,5972200000000000000000000,0.254,11.209,0.111,0.039151266,0.189,Radial Velocity,M0,M
HD 189567 c,58,6.074,Neptune-like,2021,7,5972200000000000000000000,0.227,11.209,0.197,0.092265576,0.16,Radial Velocity,G0,G
HD 20003 b,136,8.39,Neptune-like,2019,11.66,5972200000000000000000000,0.306,11.209,0.0974,0.03230664,0.36,Radial Velocity,K3,K
HD 20003 c,136,8.39,Neptune-like,2019,14.44,5972200000000000000000000,0.347,11.209,0.1964,0.09281315,0.1,Radial Velocity,K3,K
HD 20781 d,117,8.48,Neptune-like,2019,10.61,5972200000000000000000000,0.29,11.209,0.1647,0.079945244,0.11,Radial Velocity,G5 V,G
HD 20781 e,117,8.48,Neptune-like,2019,14.03,5972200000000000000000000,0.342,11.209,0.3374,0.23408625,0.06,Radial Velocity,G5 V,G
HD 213519 b,134,7.68,Neptune-like,2022,9.51349,5972200000000000000000000,0.272,11.209,0.099068,0.030390145,0.41,Radial Velocity,F5 V,F
HD 215497 b,132,8.96,Neptune-like,2009,6.3566,5972200000000000000000000,0.214,11.209,0.05,0.010677618,0.16,Radial Velocity,G8 IV/V,G
HD 216520 b,64,7.53,Neptune-like,2020,10.26,5972200000000000000000000,0.284,11.209,0.198,0.0971937,0.09,Radial Velocity,G8 IV/V,G
HD 216520 c,64,7.53,Neptune-like,2020,9.44,5972200000000000000000000,0.271,11.209,0.528,0.42272416,0.12,Radial Velocity,G8 IV/V,G
HD 21693 b,108,7.95,Neptune-like,2019,8.23,5972200000000000000000000,0.25,11.209,0.1455,0.062149215,0.12,Radial Velocity,M7.25,M
HD 21693 c,108,7.95,Neptune-like,2019,17.37,5972200000000000000000000,0.387,11.209,0.2586,0.14702259,0.07,Radial Velocity,M4.0 V,M
HD 217786 c,181,7.78,Neptune-like,2022,7.35886,5972200000000000000000000,0.234,11.209,0.037863,0.006844627,-0.52,Radial Velocity,M4.0 V,M
HD 219134 g,21,5.56911,Neptune-like,2015,10.80622,5972200000000000000000000,0.293,11.209,0.3753,0.25790554,0,Radial Velocity,M2.5 V,M
HD 219666 b,307,9.809,Neptune-like,2018,16.6,5972200000000000000000000,0.42,11.209,0.06356,0.016427105,0,Transit,M5.5 V,M
HD 219828 b,238,8.04,Neptune-like,2007,18.94937,5972200000000000000000000,0.408,11.209,0.048559,0.010403832,0.09,Radial Velocity,M5.5 V,M
HD 238090 b,50,9.71,Neptune-like,2020,6.89,5972200000000000000000000,0.225,11.209,0.0932,0.037508555,0.3,Radial Velocity,M5.5 V,M
HD 24085 b,179,7.57,Neptune-like,2019,11.8,5972200000000000000000000,0.309,11.209,0.034,0.005475702,0.22,Radial Velocity,M5.5 V,M
HD 25912 b,160,8.2,Neptune-like,2022,38.02619,5972200000000000000000000,0.615,11.209,0.241872,0.11444216,0.05,Radial Velocity,M5.5 V,M
HD 28109 c,455,9.42,Neptune-like,2022,7.943,5972200000000000000000000,0.377,11.209,0.308,0.15331964,0.1203,Transit,M4.5 V,M
HD 28109 d,455,9.42,Neptune-like,2022,5.681,5972200000000000000000000,0.29,11.209,0.411,0.23080082,0.0864,Transit,M5,M
HD 285968 b,31,9.95,Neptune-like,2008,8.4,5972200000000000000000000,0.253,11.209,0.066,0.024093088,0,Radial Velocity,M5,M
HD 31527 b,125,7.49,Neptune-like,2019,10.47,5972200000000000000000000,0.288,11.209,0.1254,0.045448326,0.1,Radial Velocity,M 4.5V,M
HD 31527 c,125,7.49,Neptune-like,2019,14.16,5972200000000000000000000,0.343,11.209,0.2663,0.14017797,0.04,Radial Velocity,M4 V,M
HD 31527 d,125,7.49,Neptune-like,2019,11.82,5972200000000000000000000,0.309,11.209,0.8098,0.7438741,0.24,Radial Velocity,M3,M
HD 3167 c,154,8.97,Neptune-like,2016,10.67,5972200000000000000000000,0.261,11.209,0.1783,0.08158795,0.15,Transit,M4.5 V,M
HD 3167 e,154,8.97,Neptune-like,2022,9.74,5972200000000000000000000,0.276,11.209,0.4048,0.27953455,0.6,Radial Velocity,K4.5,K
HD 34445 d,150,7.31,Neptune-like,2017,30.7,5972200000000000000000000,0.542,11.209,0.4817,0.32279262,0.03,Radial Velocity,M1,M
HD 34445 e,150,7.31,Neptune-like,2017,16.8,5972200000000000000000000,0.38,11.209,0.2687,0.13470227,0.09,Radial Velocity,M1,M
HD 34445 f,150,7.31,Neptune-like,2017,37.9,5972200000000000000000000,0.613,11.209,1.543,1.9,0.03,Radial Velocity,M0 V,M
HD 39194 c,86,8.09,Neptune-like,2021,6.3,5972200000000000000000000,0.213,11.209,0.103,0.03832991,0.154,Radial Velocity,M,M
HD 39855 b,76,7.51,Neptune-like,2019,8.5,5972200000000000000000000,0.254,11.209,0.041,0.008761123,0.14,Radial Velocity,M,M
HD 40307 c,42,7.17,Neptune-like,2009,6.6,5972200000000000000000000,0.219,11.209,0.0799,0.026283368,0.06,Radial Velocity,M,M
HD 40307 d,42,7.17,Neptune-like,2009,9.5,5972200000000000000000000,0.272,11.209,0.1321,0.055852156,0.07,Radial Velocity,M3.5 V,M
HD 40307 g,42,7.17,Neptune-like,2013,7.1,5972200000000000000000000,0.229,11.209,0.6,0.5415469,0.29,Radial Velocity,M2 V,M
HD 42618 b,79,6.87,Neptune-like,2016,14.4,5972200000000000000000000,0.347,11.209,0.554,0.4095825,0.19,Radial Velocity,M2 V,M
HD 4308 b,72,6.55,Neptune-like,2005,15.8915,5972200000000000000000000,0.368,11.209,0.12,0.042710472,0,Radial Velocity,M3,M
HD 47186 b,122,7.63,Neptune-like,2008,22.2481,5972200000000000000000000,0.448,11.209,0.05,0.011225188,0.04,Radial Velocity,M0V:,M
HD 49674 b,140,8.1,Neptune-like,2002,31.783,5972200000000000000000000,0.553,11.209,0.06,0.013415469,0.09,Radial Velocity,M1.5V,M
HD 51608 b,114,8.17,Neptune-like,2019,12.77,5972200000000000000000000,0.323,11.209,0.1059,0.038603697,0.09,Radial Velocity,M1/M2 V,M
HD 51608 c,114,8.17,Neptune-like,2019,14.31,5972200000000000000000000,0.346,11.209,0.3809,0.2625599,0.14,Radial Velocity,M3.0 V,M
HD 5278 b,188,7.94,Neptune-like,2021,7.8,5972200000000000000000000,0.219,11.209,0.1202,0.039151266,0.08,Transit,M0.5 V,M
HD 5278 c,188,7.94,Neptune-like,2021,18.4,5972200000000000000000000,0.401,11.209,0.2416,0.1119781,0.07,Radial Velocity,M3.5,M
HD 56414 b,888,9.217,Neptune-like,2022,13.3,5972200000000000000000000,0.331,11.209,0.229,0.07939767,0.68,Transit,M3.5,M
HD 63433 c,73,6.92035,Neptune-like,2020,7.61,5972200000000000000000000,0.238,11.209,0.1458,0.056125943,0,Transit,G6 V,G
HD 64114 b,103,7.71,Neptune-like,2019,17.8,5972200000000000000000000,0.393,11.209,0.246,0.12539357,0.12,Radial Velocity,M0,M
HD 69830 b,41,5.96004,Neptune-like,2006,10.2,5972200000000000000000000,0.283,11.209,0.0785,0.023819301,0.1,Radial Velocity,M0,M
HD 69830 c,41,5.96004,Neptune-like,2006,11.8,5972200000000000000000000,0.309,11.209,0.186,0.08651608,0.13,Radial Velocity,M0,M
HD 69830 d,41,5.96004,Neptune-like,2006,18.1,5972200000000000000000000,0.397,11.209,0.63,0.5393566,0.07,Radial Velocity,M2.5 V,M
HD 73583 b,103,9.67,Neptune-like,2022,10.2,5972200000000000000000000,0.249,11.209,0.0604,0.017522246,0.09,Transit,M2.5 V,M
HD 73583 c,103,9.67,Super Earth,2022,9.7,5972200000000000000000000,0.213,11.209,0.1242,0.051745377,0.08,Transit,K0V,K
HD 77338 b,150,8.63,Neptune-like,2012,15.9,5972200000000000000000000,0.368,11.209,0.06,0.015605749,0.09,Radial Velocity,M0.0,M
HD 7924 b,55,7.17896,Neptune-like,2008,6.3566,5972200000000000000000000,0.214,11.209,0.06,0.014784395,0.06,Radial Velocity,M0.0,M
HD 7924 c,55,7.17896,Neptune-like,2015,7.86,5972200000000000000000000,0.243,11.209,0.1134,0.041889116,0.1,Radial Velocity,M2.5,M
HD 7924 d,55,7.17896,Neptune-like,2015,6.44,5972200000000000000000000,0.216,11.209,0.1551,0.067077346,0.21,Radial Velocity,M2.5,M
HD 85390 b,109,8.54,Neptune-like,2009,31.46517,5972200000000000000000000,0.55,11.209,1.373,2.2,0.5,Radial Velocity,M2.5,M
HD 89345 b,432,9.38,Neptune-like,2018,34.9613,5972200000000000000000000,0.66,11.209,0.1066,0.03230664,0.22,Transit,M2.5,M
HD 90156 b,72,6.92,Neptune-like,2009,17.98,5972200000000000000000000,0.395,11.209,0.25,0.13634497,0.31,Radial Velocity,M4,M
HD 93385 c,141,7.49,Neptune-like,2021,7.1,5972200000000000000000000,0.229,11.209,0.112,0.03613963,0.2,Radial Velocity,M4,M
HD 93385 d,141,7.49,Neptune-like,2021,8.7,5972200000000000000000000,0.258,11.209,0.2565,0.12566735,0.09,Radial Velocity,M2.5,M
HD 93963 A c,269,9.182,Super Earth,2022,19.2,5972200000000000000000000,0.288,11.209,0.04813,0.009856262,0,Transit,M0 V,M
HD 95735 c,19,7.49,Neptune-like,2021,13.6,5972200000000000000000000,0.335,11.209,2.94,8.1,0.13,Radial Velocity,M1.5,M
HD 96700 b,83,6.51,Neptune-like,2021,8.9,5972200000000000000000000,0.261,11.209,0.0777,0.022176592,0.138,Radial Velocity,M4,M
HD 96700 d,83,6.51,Neptune-like,2021,12.7,5972200000000000000000000,0.322,11.209,0.424,0.28336754,0.27,Radial Velocity,M4,M
HD 99492 b,59,7.56727,Neptune-like,2004,22.2481,5972200000000000000000000,0.448,11.209,0.12,0.046543464,0.25,Radial Velocity,M5.5 V,M
HIP 107772 b,77,10.56,Neptune-like,2020,12.9,5972200000000000000000000,0.325,11.209,0.243,0.15112936,0.18,Radial Velocity,M5.5 V,M
HIP 116454 b,204,10.19,Super Earth,2014,12.7132,5972200000000000000000000,0.22,11.209,0.0906,0.024914443,0.2,Transit,M2.5 V,M
HIP 19976 b,131,10.48,Neptune-like,2022,20.59095,5972200000000000000000000,0.428,11.209,0.234337,0.13880904,0.3,Radial Velocity,M2.5 V,M
HIP 35173 b,108,9.01,Neptune-like,2019,12.7,5972200000000000000000000,0.322,11.209,0.217,0.11362081,0.16,Radial Velocity,M2.5 V,M
HIP 38594 b,58,9.75,Neptune-like,2020,8.1,5972200000000000000000000,0.247,11.209,0.256,0.16618754,0.17,Radial Velocity,M2.5,M
HIP 4845 b,69,10.06,Neptune-like,2020,14.4,5972200000000000000000000,0.347,11.209,0.176,0.0936345,0.25,Radial Velocity,M2.0 V,M
HIP 48714 b,34,8.99,Neptune-like,2020,22.9,5972200000000000000000000,0.456,11.209,0.112,0.04873374,0.5,Radial Velocity,M0,M
HIP 54373 b,61,10.38,Neptune-like,2019,8.62,5972200000000000000000000,0.256,11.209,0.063,0.021355236,0.2,Radial Velocity,M1,M
HIP 54373 c,61,10.38,Neptune-like,2019,12.44,5972200000000000000000000,0.318,11.209,0.099,0.041341547,0.2,Radial Velocity,M1,M
HIP 57274 b,84,8.97,Neptune-like,2011,6.3566,5972200000000000000000000,0.214,11.209,0.07,0.022176592,0.19,Radial Velocity,M1.5 V,M
HIP 71135 b,105,10.53,Neptune-like,2019,18.8,5972200000000000000000000,0.406,11.209,0.335,0.23874058,0.21,Radial Velocity,K7 V,K
HIP 97166 b,215,9.92,Neptune-like,2021,20,5972200000000000000000000,0.244,11.209,0.089,0.028199865,0.16,Transit,K7 V,K
HIP 97166 c,215,9.92,Neptune-like,2021,9.9,5972200000000000000000000,0.278,11.209,0.124,0.04599589,0.25,Radial Velocity,M3.5 V,M
K2-100 b,616,10.651,Neptune-like,2016,21.8,5972200000000000000000000,0.346,11.209,0.0301,0.004654347,0,Transit,M4.0,M
K2-105 b,646,11.752,Neptune-like,2017,30,5972200000000000000000000,0.32,11.209,0.0833,0.022724163,0,Transit,M1.5 V,M
K2-10 b,888,12.429,Neptune-like,2015,27,5972200000000000000000000,0.343,11.209,0.137,0.05284052,0.31,Transit,M1.5 V,M
K2-110 b,380,11.985,Super Earth,2017,16.7,5972200000000000000000000,0.228,11.209,0.1027,0.038056124,0.08,Transit,M2V,M
K2-111 c,654,11.13,Neptune-like,2020,11.3,5972200000000000000000000,0.301,11.209,0.1166,0.04298426,0.07,Radial Velocity,M2.5 V,M
K2-118 b,1049,14,Neptune-like,2017,6.99,5972200000000000000000000,0.227,11.209,0.245,0.13935661,0.2,Transit,M3 V,M
K2-119 b,1193,14.818,Neptune-like,2017,6.94,5972200000000000000000000,0.226,11.209,0.0698,0.021081451,0.07,Transit,M3.5 Ve,M
K2-123 b,527,14.781,Neptune-like,2017,8.05,5972200000000000000000000,0.246,11.209,0.1649,0.08487337,0.06,Transit,M3.5 V,M
K2-124 b,458,16.692,Neptune-like,2017,8.75,5972200000000000000000000,0.259,11.209,0.049,0.017522246,0.08,Transit,G0 V,G
K2-12 b,1065,12.38,Neptune-like,2015,6.04,5972200000000000000000000,0.208,11.209,0.0802,0.022724163,0,Transit,M0.5-1.0 V,M
K2-136 c,193,11.101,Neptune-like,2017,8.8,5972200000000000000000000,0.26,11.209,0.11728,0.047364816,0.13,Transit,M1 V,M
K2-138 c,661,12.246,Neptune-like,2017,6.31,5972200000000000000000000,0.205,11.209,0.04461,0.009856262,0.05,Transit,M3 V,M
K2-138 d,661,12.246,Super Earth,2017,7.92,5972200000000000000000000,0.213,11.209,0.05893,0.014784395,0.04,Transit,M3 V,M
K2-138 e,661,12.246,Neptune-like,2017,12.97,5972200000000000000000000,0.302,11.209,0.0782,0.022724163,0.08,Transit,M3 V,M
K2-138 f,661,12.246,Terrestrial,2017,1.63,5972200000000000000000000,0.259,11.209,0.10447,0.03504449,0.06,Transit,M2,M
K2-138 g,661,12.246,Neptune-like,2021,4.32,5972200000000000000000000,0.269,11.209,0.23109,0.114989735,0.06,Transit,M1.0,M
K2-14 b,1188,15.78,Neptune-like,2015,20.7,5972200000000000000000000,0.429,11.209,0.0627,0.022997946,0.14,Transit,M1.5 V,M
K2-152 b,354,13.728,Neptune-like,2018,5.86,5972200000000000000000000,0.204,11.209,0.1716,0.08925393,0,Transit,M1.5 V,M
K2-155 c,237,12.773,Neptune-like,2018,7.27,5972200000000000000000000,0.232,11.209,0.0946,0.038056124,0,Transit,M1.5 V,M
K2-158 b,644,11.774,Neptune-like,2018,7.46,5972200000000000000000000,0.236,11.209,0.0887,0.027652293,0,Transit,M1.5 V,M
K2-159 b,558,11.995,Neptune-like,2018,5.73,5972200000000000000000000,0.202,11.209,0.1013,0.03394935,0,Transit,M2.5,M
K2-15 b,1611,14.758,Neptune-like,2015,6.71,5972200000000000000000000,0.221,11.209,0.091,0.03230664,0,Transit,M0 V,M
K2-167 b,264,8.24,Neptune-like,2018,5.75,5972200000000000000000000,0.202,11.209,0.0999,0.027378507,0.41,Transit,M3.5 V,M
K2-16 c,1093,14.668,Neptune-like,2015,6.99,5972200000000000000000000,0.227,11.209,0.1229,0.05229295,0,Transit,M0.5,M
K2-174 b,326,12.456,Neptune-like,2018,7.27,5972200000000000000000000,0.232,11.209,0.126,0.053661875,0,Transit,M0.5 V,M
K2-180 b,665,12.557,Super Earth,2018,11.44182,5972200000000000000000000,0.225,11.209,0.0734,0.02436687,0,Transit,M3.5,M
K2-181 b,1177,12.669,Neptune-like,2018,8.45,5972200000000000000000000,0.253,11.209,0.0706,0.01889117,0,Transit,M3.5,M
K2-182 b,505,11.833,Neptune-like,2018,20,5972200000000000000000000,0.24,11.209,0.0526,0.012867898,0.04,Transit,K1V,K
K2-183 c,1073,12.867,Neptune-like,2018,5.9,5972200000000000000000000,0.205,11.209,0.0932,0.02956879,0,Transit,M4 V,M
K2-183 d,1073,12.867,Neptune-like,2018,5.9,5972200000000000000000000,0.205,11.209,0.1527,0.06187543,0,Transit,M4 V,M
K2-187 d,1079,13.102,Neptune-like,2018,6.35,5972200000000000000000000,0.214,11.209,0.072,0.01943874,0,Transit,M1 V,M
K2-188 c,1458,12.657,Neptune-like,2018,8.4,5972200000000000000000000,0.252,11.209,0.0785,0.021355236,0,Transit,M1 V,M
K2-189 c,790,12.398,Neptune-like,2018,6.8,5972200000000000000000000,0.223,11.209,0.068,0.0183436,0,Transit,M3.5 V,M
K2-18 b,124,13.477,Super Earth,2015,8.92,5972200000000000000000000,0.211,11.209,0.1429,0.09007529,0.2,Transit,M5.0 V,M
K2-18 c,124,13.477,Neptune-like,2017,7.51,5972200000000000000000000,0.236,11.209,0.06,0.024640657,0.47,Radial Velocity,M2,M
K2-193 b,1344,13.341,Neptune-like,2018,14.8,5972200000000000000000000,0.352,11.209,0.1184,0.04052019,0,Transit,M0.5,M
K2-195 b,1028,12.524,Neptune-like,2018,9.96,5972200000000000000000000,0.279,11.209,0.1208,0.043531828,0,Transit,K6 V,K
K2-197 b,808,12.199,Neptune-like,2018,7.08,5972200000000000000000000,0.228,11.209,0.0806,0.022997946,0,Transit,F2,F
K2-199 c,351,12.358,Neptune-like,2018,12.4,5972200000000000000000000,0.254,11.209,0.0662,0.020260096,0.03,Transit,M3,M
K2-212 b,356,12.977,Neptune-like,2018,7.51,5972200000000000000000000,0.236,11.209,0.0785,0.026830938,0,Transit,K4,K
K2-214 b,981,11.806,Neptune-like,2018,6.48,5972200000000000000000000,0.217,11.209,0.0834,0.023545519,0,Transit,K4,K
K2-21 c,273,12.851,Super Earth,2015,6.76,5972200000000000000000000,0.222,11.209,0.107,0.042436685,0.21,Transit,G5,G
K2-220 b,762,11.873,Neptune-like,2018,6.3,5972200000000000000000000,0.213,11.209,0.1104,0.037508555,0,Transit,F8,F
K2-222 b,331,9.543,Neptune-like,2018,6.3,5972200000000000000000000,0.213,11.209,0.1211,0.042162903,0,Transit,K,K
K2-224 c,898,12.7,Neptune-like,2018,6.39,5972200000000000000000000,0.215,11.209,0.0886,0.027652293,0,Transit,K,K
K2-225 b,1167,11.836,Neptune-like,2018,12,5972200000000000000000000,0.311,11.209,0.134,0.043531828,0,Transit,K2,K
K2-233 d,220,10.883,Super Earth,2018,21.14,5972200000000000000000000,0.21,11.209,0.15224,0.06680356,0.1999,Transit,F8,F
K2-241 b,488,11.97,Neptune-like,2018,7.04,5972200000000000000000000,0.227,11.209,0.1567,0.0733744,0,Transit,K3,K
K2-242 b,356,16.414,Neptune-like,2018,6.99,5972200000000000000000000,0.227,11.209,0.0494,0.01779603,0,Transit,G3,G
K2-245 b,1488,12.755,Neptune-like,2018,17.4,5972200000000000000000000,0.387,11.209,0.0959,0.032580424,0,Transit,G5 V,G
K2-246 b,2295,14.792,Neptune-like,2018,12,5972200000000000000000000,0.311,11.209,0.0602,0.015879534,0,Transit,G0,G
K2-248 b,1325,13.497,Neptune-like,2018,7.13,5972200000000000000000000,0.229,11.209,0.0699,0.019712524,0,Transit,F8,F
K2-249 b,1702,12.646,Neptune-like,2018,8.2,5972200000000000000000000,0.249,11.209,0.1151,0.03394935,0,Transit,G5,G
K2-24 b,556,11.275,Neptune-like,2016,19,5972200000000000000000000,0.482,11.209,0.154,0.05722108,0.06,Transit,K1,K
K2-24 c,556,11.275,Neptune-like,2016,15.4,5972200000000000000000000,0.669,11.209,0.247,0.11581109,0.07,Transit,G8,G
K2-250 b,1353,14.314,Neptune-like,2018,6.53,5972200000000000000000000,0.218,11.209,0.0459,0.010951404,0,Transit,G3,G
K2-251 b,480,15.66,Neptune-like,2018,6.12,5972200000000000000000000,0.21,11.209,0.0694,0.025462013,0,Transit,F8,F
K2-255 b,625,13.662,Neptune-like,2018,8.75,5972200000000000000000000,0.259,11.209,0.0274,0.005475702,0,Transit,K,K
K2-256 b,1842,14.954,Neptune-like,2018,7.41,5972200000000000000000000,0.235,11.209,0.0578,0.015058179,0,Transit,F7,F
K2-25 b,147,16.21,Neptune-like,2015,24.5,5972200000000000000000000,0.306,11.209,0.0287,0.009582478,0.43,Transit,F4,F
K2-266 b,253,11.625,Neptune-like,2018,11.26782,5972200000000000000000000,0.294,11.209,0.01306,0.001916496,0,Transit,G5 V,G
K2-266 e,253,11.625,Neptune-like,2018,14.3,5972200000000000000000000,0.244,11.209,0.1249,0.05338809,0.04,Transit,G5,G
K2-26 b,323,14.528,Neptune-like,2016,7.61,5972200000000000000000000,0.238,11.209,0.0962,0.039972622,0,Transit,F,F
K2-275 b,403,11.974,Neptune-like,2018,6.08,5972200000000000000000000,0.209,11.209,0.0277,0.009034907,0,Transit,F9,F
K2-282 b,1619,14.21,Neptune-like,2018,6.8,5972200000000000000000000,0.223,11.209,0.0499,0.011498973,0,Transit,F,F
K2-283 b,1314,14.364,Neptune-like,2018,12.2,5972200000000000000000000,0.314,11.209,0.0291,0.005201916,0,Transit,G,G
K2-284 b,350,13.265,Neptune-like,2018,8.15,5972200000000000000000000,0.248,11.209,0.04771,0.013141684,0.08,Transit,F5,F
K2-285 b,505,12.075,Super Earth,2018,9.68,5972200000000000000000000,0.231,11.209,0.03817,0.009582478,0,Transit,G7,G
K2-285 c,505,12.075,Neptune-like,2018,15.68,5972200000000000000000000,0.315,11.209,0.0824,0.01943874,0,Transit,K1,K
K2-28 b,205,16.526,Neptune-like,2016,5.99,5972200000000000000000000,0.207,11.209,0.0214,0.006297057,0,Transit,K7,K
K2-292 b,373,9.885,Neptune-like,2019,24.5,5972200000000000000000000,0.235,11.209,0.13,0.046543464,0.04,Transit,F8,F
K2-356 b,1160,13.268,Neptune-like,2021,5.86,5972200000000000000000000,0.204,11.209,0.1599,0.057494868,0,Transit,G9 V,G
K2-357 b,1689,13.748,Neptune-like,2021,13.4,5972200000000000000000000,0.332,11.209,0.145,0.044626966,0,Transit,G3 V,G
K2-358 b,1567,13.699,Neptune-like,2021,7.65,5972200000000000000000000,0.239,11.209,0.0863,0.030937715,0,Transit,G V,G
K2-36 c,358,11.726,Neptune-like,2016,7.8,5972200000000000000000000,0.278,11.209,0.05574,0.01451061,0,Transit,G V,G
K2-37 c,587,12.573,Neptune-like,2016,8,5972200000000000000000000,0.245,11.209,0.0654,0.017522246,0,Transit,G,G
K2-37 d,587,12.573,Neptune-like,2016,7.9,5972200000000000000000000,0.244,11.209,0.1103,0.038603697,0,Transit,G,G
K2-55 b,520,13.519,Neptune-like,2016,14,5972200000000000000000000,0.341,11.209,0.03486,0.007665982,0.07,Transit,G6 V,G
K2-63 c,1688,12.98,Neptune-like,2016,14.5,5972200000000000000000000,0.348,11.209,0.189,0.069815196,0,Transit,M1 V,M
K2-8 b,1316,14.801,Neptune-like,2015,12.5,5972200000000000000000000,0.319,11.209,0.0856,0.028473647,0,Transit,M3 V,M
Kepler-1001 b,3030,15.582,Neptune-like,2016,10.1,5972200000000000000000000,0.281,11.209,0.1129,0.039151266,0,Transit,B9 Vne,B
Kepler-1004 b,3760,13.705,Neptune-like,2016,32.5,5972200000000000000000000,0.56,11.209,0.0671,0.01451061,0,Transit,G9 III,G
Kepler-1010 b,1890,14.964,Neptune-like,2016,5.99,5972200000000000000000000,0.207,11.209,0.193,0.09390828,0,Transit,G8 V,G
Kepler-1011 b,2403,15.294,Neptune-like,2016,8.6,5972200000000000000000000,0.256,11.209,0.0633,0.015879534,0,Transit,G1 V,G
Kepler-1014 b,2038,14.866,Neptune-like,2016,6.3,5972200000000000000000000,0.213,11.209,0.121,0.045448326,0,Transit,G1 V,G
Kepler-1015 b,2412,12.825,Neptune-like,2016,12.3,5972200000000000000000000,0.317,11.209,0.1396,0.043805614,0,Transit,G1 V,G
Kepler-1016 c,4576,15.531,Neptune-like,2016,13.1,5972200000000000000000000,0.328,11.209,0.4389,0.28939083,0,Transit,G1 V,G
Kepler-1018 b,3295,15.103,Neptune-like,2016,7.18,5972200000000000000000000,0.23,11.209,0.253,0.13442847,0,Transit,G1 V,G
Kepler-1020 b,1355,14.211,Neptune-like,2016,5.82,5972200000000000000000000,0.203,11.209,0.3878,0.26529774,0,Transit,G1 V,G
Kepler-1021 b,2642,15.207,Neptune-like,2016,6.04,5972200000000000000000000,0.208,11.209,0.1034,0.036960986,0,Transit,K1 V,K
Kepler-1022 b,1370,15.758,Neptune-like,2016,6.17,5972200000000000000000000,0.211,11.209,0.0805,0.030116359,0,Transit,G6 V,G
Kepler-1023 b,2264,14.7121,Neptune-like,2016,7.41,5972200000000000000000000,0.235,11.209,0.301,0.17002054,0,Transit,K0 V,K
Kepler-1024 b,3547,16.272,Neptune-like,2016,14.5,5972200000000000000000000,0.349,11.209,0.3033,0.1817933,0,Transit,K0,K
Kepler-1030 b,2475,16.003,Neptune-like,2016,6.71,5972200000000000000000000,0.221,11.209,0.1338,0.05284052,0,Transit,K0 III,K
Kepler-1033 b,4748,16.186,Neptune-like,2016,6.85,5972200000000000000000000,0.224,11.209,0.0761,0.020807665,0,Transit,K0 III,K
Kepler-1034 b,2135,15.269,Neptune-like,2016,5.73,5972200000000000000000000,0.202,11.209,0.0965,0.033127997,0,Transit,G3/5V,G
Kepler-1036 b,1597,13.87,Neptune-like,2016,9.32,5972200000000000000000000,0.269,11.209,0.4629,0.33648187,0,Transit,K0 V,K
Kepler-1038 b,1905,15.03,Neptune-like,2016,12.2,5972200000000000000000000,0.315,11.209,0.5238,0.40657085,0,Transit,G5,G
Kepler-103 b,1614,11.883,Neptune-like,2014,9.7,5972200000000000000000000,0.301,11.209,0.1269,0.043805614,0.03,Transit,K1 V(P),K
Kepler-103 c,1614,11.883,Neptune-like,2014,36.1,5972200000000000000000000,0.459,11.209,0.6372,0.49171802,0.02,Transit,K3 V,K
Kepler-1041 b,4847,14.576,Neptune-like,2016,8.96,5972200000000000000000000,0.262,11.209,0.1688,0.0678987,0,Transit,F5 V,F
Kepler-1043 b,2947,14.949,Neptune-like,2016,7.04,5972200000000000000000000,0.227,11.209,0.2159,0.10540725,0,Transit,F9,F
Kepler-1044 b,4172,15.478,Neptune-like,2016,7.61,5972200000000000000000000,0.238,11.209,0.0741,0.018617386,0,Transit,K3 V,K
Kepler-1045 b,3074,15.879,Neptune-like,2016,7.7,5972200000000000000000000,0.24,11.209,0.1616,0.07227926,0,Transit,K2 V,K
Kepler-104 b,1307,12.697,Super Earth,2014,19.6,5972200000000000000000000,0.277,11.209,0.094,0.031211497,0,Transit,K0 IV,K
Kepler-104 c,1307,12.697,Neptune-like,2014,9.96,5972200000000000000000000,0.279,11.209,0.153,0.06488707,0,Transit,G9 III,G
Kepler-1052 b,3078,14.932,Neptune-like,2016,8.91,5972200000000000000000000,0.261,11.209,0.2046,0.095551,0,Transit,G2,G
Kepler-1054 b,3557,14.143,Neptune-like,2016,7.41,5972200000000000000000000,0.235,11.209,0.054,0.011772759,0,Transit,G0,G
Kepler-1056 b,3205,14.772,Neptune-like,2016,9.32,5972200000000000000000000,0.269,11.209,0.1629,0.075290896,0,Transit,G5 IV,G
Kepler-1057 b,3920,15.825,Neptune-like,2016,11.2,5972200000000000000000000,0.3,11.209,0.1138,0.038603697,0,Transit,F5 V,F
Kepler-1058 b,1605,15.869,Neptune-like,2016,7.85,5972200000000000000000000,0.243,11.209,0.3679,0.30390143,0,Transit,F5 V,F
Kepler-105 b,1498,12.981,Neptune-like,2013,5.1,5972200000000000000000000,0.429,11.209,0.066,0.014784395,0.47,Transit,F9 V,F
Kepler-1060 b,3088,14.827,Neptune-like,2016,6.26,5972200000000000000000000,0.212,11.209,0.2495,0.12840521,0,Transit,G5 V,G
Kepler-1065 b,3662,15.744,Neptune-like,2016,13.4,5972200000000000000000000,0.333,11.209,0.0455,0.009856262,0,Transit,F5 V,F
Kepler-1066 b,1123,13.115,Neptune-like,2016,6.17,5972200000000000000000000,0.211,11.209,0.0299,0.005201916,0,Transit,G3 V,G
Kepler-1068 b,4807,16.096,Neptune-like,2016,12.8,5972200000000000000000000,0.324,11.209,0.1309,0.046269678,0,Transit,G5 V,G
Kepler-106 c,1449,12.923,Super Earth,2014,10.44,5972200000000000000000000,0.223,11.209,0.1096,0.037234772,0,Transit,G5 V,G
Kepler-106 e,1449,12.923,Super Earth,2014,11.17,5972200000000000000000000,0.228,11.209,0.2395,0.11991786,0,Transit,F8 V CH+0.4,F
Kepler-1071 b,3400,15.881,Neptune-like,2016,6.26,5972200000000000000000000,0.212,11.209,0.0615,0.016974675,0,Transit,G3 V,G
Kepler-1073 b,2642,14.749,Neptune-like,2016,5.9,5972200000000000000000000,0.205,11.209,0.0805,0.023819301,0,Transit,G3 V,G
Kepler-1077 b,3593,14.923,Neptune-like,2016,8.1,5972200000000000000000000,0.247,11.209,0.2101,0.094182074,0,Transit,G3 V,G
Kepler-107 e,1716,12.543,Neptune-like,2014,8.6,5972200000000000000000000,0.259,11.209,0.12639,0.040246405,0,Transit,G3 V,G
Kepler-1080 b,4511,13.486,Neptune-like,2016,10.8,5972200000000000000000000,0.293,11.209,0.3781,0.21163587,0,Transit,G3 V,G
Kepler-1083 b,2944,16.103,Neptune-like,2016,11.2,5972200000000000000000000,0.3,11.209,0.1899,0.091444224,0,Transit,K2 V,K
Kepler-1085 c,4451,15.273,Neptune-like,2020,10.7,5972200000000000000000000,0.292,11.209,0.3002,0.15550992,0,Transit,K0,K
Kepler-1086 b,1520,16.002,Neptune-like,2016,6.53,5972200000000000000000000,0.218,11.209,0.1198,0.05147159,0,Transit,G5,G
Kepler-1086 c,1520,16.002,Neptune-like,2016,8.96,5972200000000000000000000,0.262,11.209,0.503,0.4421629,0,Transit,G5,G
Kepler-1090 b,2801,15.31,Neptune-like,2016,5.69,5972200000000000000000000,0.201,11.209,0.6364,0.54401094,0,Transit,G0 V,G
Kepler-1090 c,2801,15.31,Neptune-like,2021,10.9,5972200000000000000000000,0.294,11.209,0.2274,0.11608488,0,Transit,G5 V,G
Kepler-1094 b,4211,15.318,Neptune-like,2016,10.2,5972200000000000000000000,0.284,11.209,0.3625,0.21382615,0,Transit,G5 V,G
Kepler-1097 b,2348,15.652,Neptune-like,2016,10.7,5972200000000000000000000,0.291,11.209,0.5791,0.51389456,0,Transit,G4 V,G
Kepler-1099 b,3336,15.137,Neptune-like,2016,8.4,5972200000000000000000000,0.252,11.209,0.0337,0.006023272,0,Transit,G3 V,G
Kepler-109 b,1549,12.398,Neptune-like,2014,7.3,5972200000000000000000000,0.211,11.209,0.0683,0.01779603,0.21,Transit,K0 III,K
Kepler-1102 b,4065,14.928,Neptune-like,2016,7.56,5972200000000000000000000,0.237,11.209,0.2731,0.14045174,0,Transit,K2 III,K
Kepler-1103 b,4345,14.294,Neptune-like,2016,5.77,5972200000000000000000000,0.203,11.209,0.1473,0.054209445,0,Transit,F8 V,F
Kepler-1110 b,2371,16.274,Neptune-like,2016,7.56,5972200000000000000000000,0.237,11.209,0.0754,0.026557151,0,Transit,G,G
Kepler-1112 b,5452,14.74,Neptune-like,2016,9.38,5972200000000000000000000,0.269,11.209,0.1239,0.03942505,0,Transit,G,G
Kepler-1113 b,3503,14.943,Neptune-like,2016,8.3,5972200000000000000000000,0.251,11.209,0.2415,0.11581109,0,Transit,G6/8 V,G
Kepler-1118 b,2898,15.238,Neptune-like,2016,7.95,5972200000000000000000000,0.244,11.209,0.2079,0.105954826,0,Transit,G8 V,G
Kepler-1128 b,3534,15.934,Neptune-like,2016,12.9,5972200000000000000000000,0.326,11.209,0.302,0.16865161,0,Transit,G8 V,G
Kepler-1129 b,3862,15.661,Neptune-like,2016,9.06,5972200000000000000000000,0.264,11.209,0.1644,0.06652977,0,Transit,K0 III,K
Kepler-1129 c,3862,15.661,Neptune-like,2016,7.9,5972200000000000000000000,0.244,11.209,0.3528,0.20944558,0,Transit,F5 V,F
Kepler-112 b,1674,13.927,Neptune-like,2014,6.17,5972200000000000000000000,0.211,11.209,0.076,0.022997946,0,Transit,K0 III,K
Kepler-112 c,1674,13.927,Neptune-like,2014,6.35,5972200000000000000000000,0.214,11.209,0.172,0.07830253,0,Transit,F6 V,F
Kepler-1132 b,2831,15.818,Neptune-like,2016,6.12,5972200000000000000000000,0.21,11.209,0.2881,0.17221081,0,Transit,F6 V,F
Kepler-1134 b,3081,16.233,Neptune-like,2016,7.46,5972200000000000000000000,0.236,11.209,0.1242,0.04681725,0,Transit,K2 III/ IV,K
Kepler-1140 b,2141,15.751,Neptune-like,2016,8.1,5972200000000000000000000,0.247,11.209,0.1478,0.06598221,0,Transit,K9 V,K
Kepler-1143 c,1811,15.493,Neptune-like,2016,12.6,5972200000000000000000000,0.321,11.209,0.6477,0.5765914,0,Transit,K9 V,K
Kepler-1147 b,5406,15.613,Neptune-like,2016,7.32,5972200000000000000000000,0.233,11.209,0.0961,0.02902122,0,Transit,K5 III,K
Kepler-114 d,847,13.961,Neptune-like,2013,3.9,5972200000000000000000000,0.226,11.209,0.08358,0.03230664,0,Transit,F3 V,F
Kepler-1154 b,4763,14.953,Neptune-like,2016,6.08,5972200000000000000000000,0.209,11.209,0.0631,0.014236824,0,Transit,K3V,K
Kepler-1154 c,4763,14.953,Neptune-like,2016,6.17,5972200000000000000000000,0.211,11.209,0.0875,0.023271732,0,Transit,G4 IV,G
Kepler-1158 b,4842,13.618,Neptune-like,2016,6.08,5972200000000000000000000,0.209,11.209,0.1246,0.036960986,0,Transit,G0 V,G
Kepler-1159 b,3959,14.678,Neptune-like,2016,6.21,5972200000000000000000000,0.211,11.209,0.1603,0.062149215,0,Transit,K0,K
Kepler-115 c,2034,13.545,Neptune-like,2014,7.27,5972200000000000000000000,0.232,11.209,0.087,0.024640657,0,Transit,K1V,K
Kepler-1168 b,2455,15.755,Neptune-like,2016,6.8,5972200000000000000000000,0.223,11.209,0.2663,0.15277207,0,Transit,G0 V,G
Kepler-116 b,3116,13.744,Neptune-like,2014,11.6,5972200000000000000000000,0.305,11.209,0.069,0.016427105,0,Transit,G0 V,G
Kepler-116 c,3116,13.744,Neptune-like,2014,5.9,5972200000000000000000000,0.205,11.209,0.116,0.035865847,0,Transit,G0 V,G
Kepler-1170 b,3427,16.204,Neptune-like,2016,6.39,5972200000000000000000000,0.215,11.209,0.088,0.027378507,0,Transit,K2V,K
Kepler-1171 b,1869,11.647,Neptune-like,2016,7.08,5972200000000000000000000,0.228,11.209,0.0284,0.003832991,0,Transit,K2V,K
Kepler-1172 b,4262,16.083,Neptune-like,2016,10.3,5972200000000000000000000,0.285,11.209,0.168,0.07118412,0,Transit,G0 V,G
Kepler-1175 b,3660,15.972,Neptune-like,2016,9.22,5972200000000000000000000,0.267,11.209,0.2181,0.10376455,0,Transit,K0,K
Kepler-1176 b,2821,15.27,Neptune-like,2016,6.57,5972200000000000000000000,0.219,11.209,0.1589,0.066255994,0,Transit,K0,K
Kepler-117 b,4748,14.282,Neptune-like,2014,29.875,5972200000000000000000000,0.719,11.209,0.1445,0.05147159,0.05,Transit,G7 IV-V,G
Kepler-1182 b,5041,15.742,Neptune-like,2016,6.39,5972200000000000000000000,0.215,11.209,0.0981,0.030663928,0,Transit,G5,G
Kepler-1183 b,6260,15.968,Neptune-like,2016,8.35,5972200000000000000000000,0.252,11.209,0.1793,0.078028746,0,Transit,G2 V,G
Kepler-1184 b,3777,14.99,Neptune-like,2016,7.65,5972200000000000000000000,0.239,11.209,0.2863,0.1467488,0,Transit,K0,K
Kepler-1187 b,3329,14.73,Neptune-like,2016,7.32,5972200000000000000000000,0.233,11.209,0.1401,0.051745377,0,Transit,G9 V CN+1,G
Kepler-1192 b,4254,15.858,Neptune-like,2016,6.17,5972200000000000000000000,0.211,11.209,0.1693,0.068993844,0,Transit,G9 V CN+1,G
Kepler-119 b,2290,14.375,Neptune-like,2014,12.6,5972200000000000000000000,0.321,11.209,0.035,0.006570842,0,Transit,G8 III/IV,G
Kepler-11 c,2108,13.817,Neptune-like,2010,2.9,5972200000000000000000000,0.256,11.209,0.107,0.03559206,0.03,Transit,G7 III,G
Kepler-11 d,2108,13.817,Neptune-like,2010,7.3,5972200000000000000000000,0.278,11.209,0.155,0.062149215,0,Transit,G2 V,G
Kepler-1201 b,3080,14.765,Neptune-like,2016,5.86,5972200000000000000000000,0.204,11.209,0.1183,0.04161533,0,Transit,G4 IV,G
Kepler-1202 b,3834,15.833,Neptune-like,2016,8.96,5972200000000000000000000,0.262,11.209,0.179,0.07857632,0,Transit,F8,F
Kepler-1208 b,2692,16.256,Neptune-like,2016,5.99,5972200000000000000000000,0.207,11.209,0.0901,0.030390145,0,Transit,G7 III,G
Kepler-1211 b,5958,16.016,Neptune-like,2016,7.04,5972200000000000000000000,0.227,11.209,0.0985,0.030116359,0,Transit,K4 V,K
Kepler-1214 b,2379,15.459,Neptune-like,2016,6.17,5972200000000000000000000,0.211,11.209,0.128,0.05147159,0,Transit,G3 V,G
Kepler-121 b,1665,14.904,Neptune-like,2014,6.08,5972200000000000000000000,0.209,11.209,0.039,0.008761123,0,Transit,G3 V,G
Kepler-121 c,1665,14.904,Neptune-like,2014,5.77,5972200000000000000000000,0.203,11.209,0.216,0.112251885,0,Transit,G3 V,G
Kepler-1227 b,2035,14.276,Neptune-like,2016,5.86,5972200000000000000000000,0.204,11.209,0.4092,0.25817934,0,Transit,G5,G
Kepler-122 b,3352,14.403,Neptune-like,2014,6.08,5972200000000000000000000,0.209,11.209,0.064,0.015879534,0,Transit,G4 V,G
Kepler-122 c,3352,14.403,Neptune-like,2014,29,5972200000000000000000000,0.524,11.209,0.108,0.034223136,0,Transit,K0,K
Kepler-122 e,3352,14.403,Neptune-like,2014,27.7,5972200000000000000000000,0.232,11.209,0.227,0.10403833,0,Transit,K0,K
Kepler-1230 b,4450,15.628,Neptune-like,2016,7.8,5972200000000000000000000,0.242,11.209,0.0921,0.027378507,0,Transit,G8 IV,G
Kepler-1233 b,3845,14.82,Neptune-like,2016,7.27,5972200000000000000000000,0.232,11.209,0.263,0.123477064,0,Transit,K3V,K
Kepler-1234 b,2990,15.915,Neptune-like,2016,8.3,5972200000000000000000000,0.251,11.209,0.096,0.032580424,0,Transit,K0,K
Kepler-1237 b,3472,16.012,Neptune-like,2016,8.55,5972200000000000000000000,0.255,11.209,0.3778,0.23162217,0,Transit,K0,K
Kepler-1239 b,6983,15.391,Neptune-like,2016,8.75,5972200000000000000000000,0.259,11.209,0.0625,0.014236824,0,Transit,K3 V,K
Kepler-1241 b,3160,15.886,Neptune-like,2016,7.41,5972200000000000000000000,0.235,11.209,0.1336,0.050924025,0,Transit,G6 V,G
Kepler-1242 b,2243,15.714,Neptune-like,2016,5.73,5972200000000000000000000,0.202,11.209,0.1039,0.037234772,0,Transit,K0 V,K
Kepler-1247 b,3412,15.925,Neptune-like,2016,6.04,5972200000000000000000000,0.208,11.209,0.1091,0.037508555,0,Transit,K0,K
Kepler-1249 b,6213,15.391,Neptune-like,2016,6.26,5972200000000000000000000,0.212,11.209,0.167,0.06652977,0,Transit,G3 V,G
Kepler-1255 b,5275,15.308,Neptune-like,2016,5.99,5972200000000000000000000,0.207,11.209,0.2226,0.09938398,0,Transit,K2,K
Kepler-125 b,598,15.431,Neptune-like,2014,6.21,5972200000000000000000000,0.211,11.209,0.041,0.011498973,0,Transit,G0 V,G
Kepler-1261 b,2428,15.817,Neptune-like,2016,5.73,5972200000000000000000000,0.202,11.209,0.239,0.13251199,0,Transit,F8,F
Kepler-1266 b,2770,16.016,Neptune-like,2016,7.18,5972200000000000000000000,0.23,11.209,0.1689,0.078028746,0,Transit,G2 V,G
Kepler-1267 b,4500,15.846,Neptune-like,2016,9.32,5972200000000000000000000,0.269,11.209,0.1057,0.03559206,0,Transit,G2 V,G
Kepler-126 d,774,10.505,Neptune-like,2014,6.8,5972200000000000000000000,0.223,11.209,0.448,0.27460644,0.02,Transit,G2 V,G
Kepler-1270 b,3572,13.562,Neptune-like,2016,11,5972200000000000000000000,0.296,11.209,0.0663,0.016427105,0,Transit,G3 IV,G
Kepler-1272 b,3935,14.734,Neptune-like,2016,6.21,5972200000000000000000000,0.211,11.209,0.2705,0.13990417,0,Transit,G3 IV,G
Kepler-1273 b,3635,16.03,Neptune-like,2016,6.76,5972200000000000000000000,0.222,11.209,0.1857,0.07830253,0,Transit,G5 V,G
Kepler-127 c,1151,11.746,Neptune-like,2014,7.56,5972200000000000000000000,0.237,11.209,0.2,0.08049281,0.03,Transit,G5 V,G
Kepler-1294 b,6053,15.361,Neptune-like,2016,10.3,5972200000000000000000000,0.285,11.209,0.4684,0.31676933,0,Transit,F7 V,F
Kepler-1299 b,4583,15.962,Neptune-like,2016,9.17,5972200000000000000000000,0.266,11.209,0.1357,0.05448323,0,Transit,G4 V,G
Kepler-129 b,1334,11.809,Super Earth,2014,20,5972200000000000000000000,0.214,11.209,0.13,0.04325804,0.01,Transit,G4 V,G
Kepler-1304 b,7098,15.408,Neptune-like,2016,5.86,5972200000000000000000000,0.204,11.209,0.1202,0.044079397,0,Transit,G4 V,G
Kepler-1307 b,3310,15.636,Neptune-like,2016,6.66,5972200000000000000000000,0.22,11.209,0.1369,0.049281314,0,Transit,G5,G
Kepler-1314 b,463,17.816,Neptune-like,2016,22.9,5972200000000000000000000,0.456,11.209,0.0504,0.014784395,0,Transit,K2 IV,K
Kepler-1316 b,2612,14.119,Neptune-like,2016,12.3,5972200000000000000000000,0.316,11.209,0.3859,0.24093087,0,Transit,G,G
Kepler-1318 b,1550,15.531,Neptune-like,2016,9.85,5972200000000000000000000,0.277,11.209,0.6085,0.5839836,0,Transit,G,G
Kepler-131 b,746,11.493,Super Earth,2014,16.13,5972200000000000000000000,0.215,11.209,0.1238,0.044079397,0,Transit,K2 V,K
Kepler-1321 b,2509,17.5054,Neptune-like,2016,21.5,5972200000000000000000000,0.439,11.209,0.0781,0.030390145,0,Transit,K2 V,K
Kepler-1321 c,2509,17.5054,Neptune-like,2016,6.35,5972200000000000000000000,0.214,11.209,0.0267,0.006023272,0,Transit,F8 V,F
Kepler-1321 d,2509,17.5054,Neptune-like,2021,7.41,5972200000000000000000000,0.234,11.209,0.0501,0.015605749,0,Transit,F8 V,F
Kepler-1325 b,3175,15.311,Neptune-like,2016,8.55,5972200000000000000000000,0.255,11.209,0.2004,0.09281315,0,Transit,G0,G
Kepler-1326 b,2278,12.842,Neptune-like,2016,16.3,5972200000000000000000000,0.373,11.209,0.2743,0.11608488,0,Transit,K4 III,K
Kepler-1333 b,3042,15.421,Neptune-like,2016,8.3,5972200000000000000000000,0.251,11.209,0.4382,0.30006844,0,Transit,G5 III/IV,G
Kepler-1334 b,3990,15.461,Neptune-like,2016,5.86,5972200000000000000000000,0.204,11.209,0.1229,0.042710472,0,Transit,G9 III,G
Kepler-1337 b,1963,16.21,Neptune-like,2016,6.39,5972200000000000000000000,0.215,11.209,0.1441,0.06680356,0,Transit,G6IV,G
Kepler-133 c,2132,12.896,Neptune-like,2014,8.45,5972200000000000000000000,0.253,11.209,0.204,0.0862423,0,Transit,G6IV,G
Kepler-1341 b,1556,15.356,Neptune-like,2016,9.22,5972200000000000000000000,0.267,11.209,0.4498,0.36413416,0,Transit,G0Vvar,G
Kepler-1345 b,4420,13.775,Neptune-like,2016,6.17,5972200000000000000000000,0.211,11.209,0.2638,0.12210814,0,Transit,K0,K
Kepler-1350 b,1111,16.577,Neptune-like,2016,6.9,5972200000000000000000000,0.225,11.209,0.0413,0.012320329,0,Transit,K0,K
Kepler-1354 b,3652,14.59,Neptune-like,2016,9.11,5972200000000000000000000,0.265,11.209,0.3521,0.20971936,0,Transit,K0,K
Kepler-1359 b,2006,15.987,Neptune-like,2016,8.4,5972200000000000000000000,0.252,11.209,0.2769,0.16290212,0,Transit,K0,K
Kepler-1360 b,4946,14.007,Neptune-like,2016,11.5,5972200000000000000000000,0.303,11.209,0.2866,0.11088296,0,Transit,G2/G3 V,G
Kepler-1362 b,2385,16.05,Neptune-like,2016,7.27,5972200000000000000000000,0.232,11.209,0.4626,0.37289527,0,Transit,F7V,F
Kepler-1369 b,4034,15.621,Neptune-like,2016,7.7,5972200000000000000000000,0.24,11.209,0.1741,0.070910335,0,Transit,G1 IV,G
Kepler-1374 b,3518,15.991,Neptune-like,2016,5.86,5972200000000000000000000,0.204,11.209,0.0918,0.029295003,0,Transit,F7V,F
Kepler-1381 b,3905,15.579,Neptune-like,2016,5.69,5972200000000000000000000,0.201,11.209,0.1728,0.06954141,0,Transit,G9 IV-V,G
Kepler-1388 b,1480,16.43,Neptune-like,2016,7.22,5972200000000000000000000,0.231,11.209,0.0882,0.033675566,0,Transit,K0,K
Kepler-1388 c,1480,16.43,Neptune-like,2016,5.73,5972200000000000000000000,0.202,11.209,0.0519,0.015058179,0,Transit,G1 V,G
Kepler-1388 d,1480,16.43,Neptune-like,2016,8.55,5972200000000000000000000,0.255,11.209,0.126,0.057494868,0,Transit,F5,F
Kepler-1388 e,1480,16.43,Neptune-like,2016,6.62,5972200000000000000000000,0.219,11.209,0.1861,0.10294318,0,Transit,G6 V,G
Kepler-139 c,1276,12.775,Neptune-like,2014,11.4,5972200000000000000000000,0.302,11.209,0.586,0.4301164,0,Transit,G3 V,G
Kepler-1405 b,4992,16.028,Neptune-like,2016,14.9,5972200000000000000000000,0.353,11.209,0.1778,0.077207394,0,Transit,K0,K
Kepler-1407 b,4555,15.023,Neptune-like,2016,5.69,5972200000000000000000000,0.201,11.209,0.1502,0.0550308,0,Transit,K0V,K
Kepler-1411 b,5416,15.945,Neptune-like,2016,8.35,5972200000000000000000000,0.252,11.209,0.4001,0.23572895,0,Transit,K0,K
Kepler-1419 b,4888,15.96,Neptune-like,2016,8.55,5972200000000000000000000,0.255,11.209,0.2391,0.11635866,0,Transit,G0 V,G
Kepler-142 c,1790,13.277,Neptune-like,2014,8.55,5972200000000000000000000,0.255,11.209,0.057,0.013141684,0,Transit,G0 V,G
Kepler-143 b,2640,13.882,Neptune-like,2014,6.39,5972200000000000000000000,0.215,11.209,0.127,0.043805614,0,Transit,G9 V,G
Kepler-143 c,2640,13.882,Neptune-like,2014,11.3,5972200000000000000000000,0.301,11.209,0.181,0.07419576,0,Transit,G9 V,G
Kepler-1442 b,1986,12.114,Neptune-like,2016,14.7,5972200000000000000000000,0.351,11.209,0.4039,0.22286105,0,Transit,M1,M
Kepler-1447 b,2904,14.747,Neptune-like,2016,8.75,5972200000000000000000000,0.259,11.209,0.2836,0.15523614,0,Transit,G3/5V,G
Kepler-1451 b,3454,15.313,Neptune-like,2016,11.2,5972200000000000000000000,0.299,11.209,0.2101,0.09746748,0,Transit,G5,G
Kepler-1452 b,3250,13.215,Neptune-like,2016,7.75,5972200000000000000000000,0.241,11.209,0.2697,0.117453806,0,Transit,G1 V,G
Kepler-1453 b,3901,15.695,Neptune-like,2016,7.61,5972200000000000000000000,0.238,11.209,0.262,0.12922657,0,Transit,G1 V,G
Kepler-1458 b,1776,14.434,Neptune-like,2016,8.05,5972200000000000000000000,0.246,11.209,0.2495,0.13141684,0,Transit,G0/2 V,G
Kepler-145 b,1849,11.977,Neptune-like,2013,37.1,5972200000000000000000000,0.236,11.209,0.1699,0.06297057,0.43,Transit,F8,F
Kepler-1462 b,3320,15.888,Neptune-like,2016,14,5972200000000000000000000,0.341,11.209,0.3094,0.17960301,0,Transit,F8,F
Kepler-1467 b,2782,15.83,Neptune-like,2016,10.9,5972200000000000000000000,0.294,11.209,0.2388,0.12895277,0,Transit,K0 III/IV,K
Kepler-1468 d,6195,15.111,Neptune-like,2021,11.1,5972200000000000000000000,0.297,11.209,0.1456,0.053661875,0,Transit,G0,G
Kepler-1469 b,3782,16.2388,Neptune-like,2016,8.25,5972200000000000000000000,0.25,11.209,0.1466,0.05995893,0,Transit,G0,G
Kepler-146 b,2338,13.921,Neptune-like,2014,13.3,5972200000000000000000000,0.331,11.209,0.2,0.085420944,0,Transit,K0V,K
Kepler-146 c,2338,13.921,Neptune-like,2014,9.96,5972200000000000000000000,0.279,11.209,0.364,0.20999315,0,Transit,K2 III,K
Kepler-1475 b,5116,15.36,Neptune-like,2016,8.85,5972200000000000000000000,0.261,11.209,0.373,0.22505133,0,Transit,K0,K
Kepler-147 c,3399,14.134,Neptune-like,2014,6.48,5972200000000000000000000,0.217,11.209,0.216,0.091444224,0,Transit,G0 V,G
Kepler-1490 b,2815,15.616,Neptune-like,2016,9.48,5972200000000000000000000,0.271,11.209,0.3729,0.25297743,0,Transit,G6 V,G
Kepler-1494 b,4193,15.372,Neptune-like,2016,9.64,5972200000000000000000000,0.274,11.209,0.3982,0.2494182,0,Transit,K0,K
Kepler-1495 b,4422,15.494,Neptune-like,2016,8.96,5972200000000000000000000,0.262,11.209,0.3677,0.23353869,0,Transit,G0,G
Kepler-149 b,1863,14.152,Neptune-like,2014,16.5,5972200000000000000000000,0.376,11.209,0.184,0.079945244,0,Transit,G0,G
Kepler-149 d,1863,14.152,Neptune-like,2014,14.9,5972200000000000000000000,0.353,11.209,0.571,0.4380561,0,Transit,K1 V,K
Kepler-1502 b,4939,14.18,Neptune-like,2016,10.2,5972200000000000000000000,0.284,11.209,0.2482,0.11416838,0,Transit,K1 V,K
Kepler-1503 b,3998,15.892,Neptune-like,2016,5.77,5972200000000000000000000,0.203,11.209,0.3771,0.26338124,0,Transit,K0,K
Kepler-150 c,2907,15.161,Neptune-like,2014,13.2,5972200000000000000000000,0.329,11.209,0.073,0.020260096,0,Transit,K0,K
Kepler-150 d,2907,15.161,Neptune-like,2014,8.2,5972200000000000000000000,0.249,11.209,0.104,0.034496922,0,Transit,K0,K
Kepler-150 e,2907,15.161,Neptune-like,2014,9.91,5972200000000000000000000,0.278,11.209,0.189,0.084325805,0,Transit,F8 V,F
Kepler-150 f,2907,15.161,Neptune-like,2017,12.9,5972200000000000000000000,0.325,11.209,1.24,1.7,0,Transit,K0 IV-V,K
Kepler-1510 b,5533,15.315,Neptune-like,2016,11.2,5972200000000000000000000,0.3,11.209,0.4089,0.23189595,0,Transit,G9,G
Kepler-1518 b,2947,13.374,Neptune-like,2016,9.53,5972200000000000000000000,0.272,11.209,0.0593,0.013963039,0,Transit,G3 IV,G
Kepler-1519 b,4703,15.124,Gas Giant,2016,39.6,5972200000000000000000000,0.63,11.209,0.7655,0.65927446,0,Transit,G5 V,G
Kepler-151 b,2120,14.957,Neptune-like,2014,9.59,5972200000000000000000000,0.273,11.209,0.116,0.04161533,0,Transit,G5 V,G
Kepler-1520 b,1983,16.002,Neptune-like,2016,28.1,5972200000000000000000000,0.515,11.209,0.0129,0.001916496,0,Transit,F8 IV,F
Kepler-1521 b,675,13.049,Neptune-like,2016,6.8,5972200000000000000000000,0.223,11.209,0.2317,0.12895277,0,Transit,G0,G
Kepler-1524 b,1245,12.802,Neptune-like,2016,12.3,5972200000000000000000000,0.316,11.209,0.3392,0.1943874,0,Transit,G0,G
Kepler-1526 b,1812,15.935,Neptune-like,2016,6.48,5972200000000000000000000,0.217,11.209,0.0418,0.010677618,0,Transit,G2V,G
Kepler-1527 b,6009,15.161,Neptune-like,2016,20.4,5972200000000000000000000,0.426,11.209,0.6276,0.43832994,0,Transit,G2V,G
Kepler-1530 d,1598,14.15,Neptune-like,2021,10.8,5972200000000000000000000,0.293,11.209,0.0865,0.025188226,0,Transit,G6,G
Kepler-1533 b,3154,13.289,Neptune-like,2016,11.8,5972200000000000000000000,0.309,11.209,0.9625,0.84462696,0,Transit,G6,G
Kepler-1535 b,2928,14.385,Neptune-like,2016,7.04,5972200000000000000000000,0.227,11.209,0.5329,0.38028747,0,Transit,F8 IV/V,F
Kepler-1536 b,1263,15.464,Neptune-like,2016,10,5972200000000000000000000,0.28,11.209,0.8507,0.9987679,0,Transit,K2,K
Kepler-1538 b,3671,15.551,Neptune-like,2016,8.35,5972200000000000000000000,0.252,11.209,0.6095,0.47939768,0,Transit,K2,K
Kepler-1539 b,2441,15.487,Neptune-like,2016,7.75,5972200000000000000000000,0.241,11.209,0.4765,0.3649555,0,Transit,G0 V,G
Kepler-153 b,1498,14.388,Neptune-like,2014,8.85,5972200000000000000000000,0.261,11.209,0.129,0.051745377,0,Transit,K0,K
Kepler-153 c,1498,14.388,Neptune-like,2014,6.94,5972200000000000000000000,0.226,11.209,0.237,0.12840521,0,Transit,G0,G
Kepler-1540 b,799,14.429,Neptune-like,2016,6.76,5972200000000000000000000,0.222,11.209,0.4426,0.34332648,0,Transit,G0,G
Kepler-1543 b,3007,13.495,Neptune-like,2016,7.8,5972200000000000000000000,0.242,11.209,0.0867,0.019164955,0,Transit,G0,G
Kepler-1545 b,2381,15.256,Neptune-like,2016,7.75,5972200000000000000000000,0.241,11.209,0.5442,0.44818616,0,Transit,G0,G
Kepler-1546 b,3040,15.596,Neptune-like,2016,9.96,5972200000000000000000000,0.279,11.209,0.1366,0.053661875,0,Transit,G0,G
Kepler-1548 b,2845,15.324,Neptune-like,2016,7.46,5972200000000000000000000,0.236,11.209,0.4679,0.34168378,0,Transit,K5 III,K
Kepler-1549 b,2620,15.353,Neptune-like,2016,7.13,5972200000000000000000000,0.229,11.209,0.6687,0.5883641,0,Transit,K V,K
Kepler-154 b,2985,14.646,Neptune-like,2014,5.73,5972200000000000000000000,0.202,11.209,0.198,0.09034908,0,Transit,K V,K
Kepler-154 c,2985,14.646,Neptune-like,2014,9.01,5972200000000000000000000,0.263,11.209,0.303,0.17056811,0,Transit,G0 V,G
Kepler-154 d,2985,14.646,Neptune-like,2016,14.1,5972200000000000000000000,0.343,11.209,0.1415,0.056125943,0,Transit,G0 V,G
Kepler-1550 b,3846,15.107,Neptune-like,2016,9.38,5972200000000000000000000,0.269,11.209,0.7681,0.61765915,0,Transit,G5 V,G
Kepler-1551 b,4775,15.371,Neptune-like,2016,7.56,5972200000000000000000000,0.237,11.209,0.1772,0.067077346,0,Transit,G5 V,G
Kepler-1552 b,2509,15.203,Neptune-like,2016,6.66,5972200000000000000000000,0.22,11.209,0.6045,0.50595486,0,Transit,K1 IV,K
Kepler-1554 b,3089,15.93,Neptune-like,2016,8.75,5972200000000000000000000,0.259,11.209,0.6314,0.54236823,0,Transit,K1 IV,K
Kepler-155 c,957,14.654,Neptune-like,2014,5.65,5972200000000000000000000,0.2,11.209,0.242,0.14428474,0,Transit,G3 IV-V,G
Kepler-1562 b,6722,15.303,Neptune-like,2016,12.3,5972200000000000000000000,0.317,11.209,0.3308,0.17604381,0,Transit,G3 IV-V,G
Kepler-1567 b,3934,15.92,Neptune-like,2016,7.9,5972200000000000000000000,0.244,11.209,0.552,0.421629,0,Transit,G3 IV-V,G
Kepler-156 b,1447,14.339,Neptune-like,2014,5.9,5972200000000000000000000,0.205,11.209,0.054,0.013689254,0,Transit,G3 IV-V,G
Kepler-156 c,1447,14.339,Neptune-like,2014,7.04,5972200000000000000000000,0.227,11.209,0.117,0.043531828,0,Transit,G9 III,G
Kepler-157 c,2524,14.206,Neptune-like,2014,5.65,5972200000000000000000000,0.2,11.209,0.11,0.036960986,0,Transit,G5 IV,G
Kepler-1593 b,2082,16.19,Neptune-like,2016,10.2,5972200000000000000000000,0.283,11.209,0.546,0.47775495,0,Transit,G2,G
Kepler-159 b,1219,15.386,Neptune-like,2014,6.26,5972200000000000000000000,0.212,11.209,0.082,0.027652293,0,Transit,K3 V,K
Kepler-159 c,1219,15.386,Neptune-like,2014,11.5,5972200000000000000000000,0.304,11.209,0.218,0.11937029,0,Transit,G5,G
Kepler-1600 b,3363,16.076,Neptune-like,2016,9.96,5972200000000000000000000,0.279,11.209,0.9712,1.0579056,0,Transit,G5,G
Kepler-160 c,3057,14.816,Neptune-like,2014,13.6,5972200000000000000000000,0.335,11.209,0.1192,0.037508555,0,Transit,G1 V,G
Kepler-1624 b,845,16.597,Neptune-like,2016,27.6,5972200000000000000000000,0.509,11.209,0.0327,0.009034907,0,Transit,G5,G
Kepler-1625 b,7536,16.227,Neptune-like,2016,30.6,5972200000000000000000000,0.541,11.209,0.8748,0.7868583,0,Transit,G2 V,G
Kepler-1627 b,1035,13.111,Neptune-like,2016,13.2,5972200000000000000000000,0.329,11.209,0.0643,0.019712524,0,Transit,K3.5 V,K
Kepler-1628 b,1148,17.8298,Neptune-like,2016,33.8,5972200000000000000000000,0.574,11.209,0.2952,0.2091718,0,Transit,G9 V,G
Kepler-162 c,2791,14.351,Neptune-like,2014,9.43,5972200000000000000000000,0.27,11.209,0.137,0.053114302,0,Transit,G9 V,G
Kepler-1632 b,2338,13.22,Neptune-like,2016,6.66,5972200000000000000000000,0.22,11.209,0.6762,1.2273785,0,Transit,G9 V,G
Kepler-1634 b,2014,14.636,Neptune-like,2016,10.3,5972200000000000000000000,0.285,11.209,1.0525,1.0264202,0,Transit,G9 V,G
Kepler-1635 b,3489,15.82,Neptune-like,2016,12.9,5972200000000000000000000,0.325,11.209,1.117,1.2856947,0,Transit,G3/5 V,G
Kepler-1636 b,6353,15.807,Neptune-like,2016,10.5,5972200000000000000000000,0.288,11.209,1.1546,1.1649555,0,Transit,G8 V,G
Kepler-1639 b,3364,14.593,Neptune-like,2016,7.18,5972200000000000000000000,0.23,11.209,0.0932,0.027104722,0,Transit,F7 V,F
Kepler-163 c,2250,14.467,Neptune-like,2014,5.73,5972200000000000000000000,0.202,11.209,0.152,0.05831622,0,Transit,K0 IV-V,K
Kepler-1640 b,6067,14.754,Neptune-like,2016,20.7,5972200000000000000000000,0.43,11.209,0.0836,0.020807665,0,Transit,K1 IV,K
Kepler-1641 b,2807,14.49,Neptune-like,2016,9.85,5972200000000000000000000,0.277,11.209,0.1473,0.053935662,0,Transit,G5 V,G
Kepler-1641 c,2807,14.49,Neptune-like,2016,9.01,5972200000000000000000000,0.263,11.209,0.2065,0.089527726,0,Transit,G8 III,G
Kepler-1642 b,1350,14.319,Neptune-like,2016,10.3,5972200000000000000000000,0.285,11.209,0.1016,0.03340178,0,Transit,G2V,G
Kepler-1642 c,1350,14.319,Neptune-like,2016,7.56,5972200000000000000000000,0.237,11.209,0.0678,0.0183436,0,Transit,G5,G
Kepler-1643 b,1115,14.072,Neptune-like,2016,5.99,5972200000000000000000000,0.207,11.209,0.0531,0.01451061,0,Transit,G5,G
Kepler-164 c,2906,14.379,Neptune-like,2014,7.9,5972200000000000000000000,0.244,11.209,0.097,0.029842572,0,Transit,G5,G
Kepler-165 b,1830,15.05,Neptune-like,2014,5.99,5972200000000000000000000,0.207,11.209,0.072,0.022450376,0,Transit,K1 III,K
Kepler-1664 b,2044,13.621,Neptune-like,2020,9.45,5972200000000000000000000,0.271,11.209,0.1137,0.03942505,0,Transit,F8 V,F
Kepler-1665 b,1094,13.737,Neptune-like,2020,8.44,5972200000000000000000000,0.253,11.209,0.1006,0.03285421,0,Transit,F8 V,F
Kepler-1666 b,4500,15.104,Neptune-like,2020,8.66,5972200000000000000000000,0.257,11.209,0.1761,0.07063655,0,Transit,G5 IV,G
Kepler-1666 c,4500,15.104,Neptune-like,2020,10.5,5972200000000000000000000,0.289,11.209,0.2383,0.111430526,0,Transit,K0 III,K
Kepler-1667 b,2045,13.52,Neptune-like,2020,9.19,5972200000000000000000000,0.266,11.209,0.4256,0.22888432,0,Transit,G0,G
Kepler-1668 b,4357,15.792,Neptune-like,2020,17.4,5972200000000000000000000,0.388,11.209,0.124,0.042162903,0,Transit,G8 V,G
Kepler-1669 b,1773,16.473,Neptune-like,2020,8.15,5972200000000000000000000,0.248,11.209,0.0745,0.026009582,0,Transit,G5,G
Kepler-166 b,1969,14.857,Neptune-like,2014,5.77,5972200000000000000000000,0.203,11.209,0.072,0.021081451,0,Transit,G8,G
Kepler-166 c,1969,14.857,Neptune-like,2014,6.26,5972200000000000000000000,0.212,11.209,0.195,0.09390828,0,Transit,K2,K
Kepler-1670 b,6739,15.743,Neptune-like,2020,11.2,5972200000000000000000000,0.299,11.209,0.1528,0.056125943,0,Transit,G5 IV/V,G
Kepler-1672 b,1276,12.548,Neptune-like,2020,9.11,5972200000000000000000000,0.265,11.209,0.5726,0.41314167,0,Transit,G8 IV,G
Kepler-1673 b,2372,13.783,Neptune-like,2020,8.93,5972200000000000000000000,0.262,11.209,0.2127,0.092539355,0,Transit,G6 V,G
Kepler-1674 b,3303,15.697,Neptune-like,2020,10.4,5972200000000000000000000,0.286,11.209,0.3017,0.17138946,0,Transit,G0 V,G
Kepler-1675 b,2124,13.672,Neptune-like,2020,9.93,5972200000000000000000000,0.279,11.209,0.3076,0.1724846,0,Transit,K2.5 V,K
Kepler-1677 b,2399,13.806,Neptune-like,2020,7.76,5972200000000000000000000,0.241,11.209,0.1624,0.060506504,0,Transit,G8V,G
Kepler-1678 b,2764,15.02,Neptune-like,2020,10.9,5972200000000000000000000,0.295,11.209,0.5302,0.4052019,0,Transit,K0,K
Kepler-1681 b,2474,14.646,Neptune-like,2020,7.05,5972200000000000000000000,0.228,11.209,0.32,0.19137578,0,Transit,K0,K
Kepler-1682 b,3783,15.907,Neptune-like,2020,8.7,5972200000000000000000000,0.258,11.209,0.1134,0.04052019,0,Transit,G5,G
Kepler-1684 b,2029,15.951,Neptune-like,2020,8.6,5972200000000000000000000,0.256,11.209,0.2253,0.13059549,0,Transit,G5 IV,G
Kepler-1685 b,3725,16.096,Neptune-like,2020,7.16,5972200000000000000000000,0.23,11.209,0.1485,0.056125943,0,Transit,F8 V,F
Kepler-168 c,4383,14.842,Neptune-like,2014,7.7,5972200000000000000000000,0.24,11.209,0.116,0.03613963,0,Transit,K0,K
Kepler-1690 b,2296,14.882,Neptune-like,2020,8.3,5972200000000000000000000,0.251,11.209,0.7097,0.64229983,0,Transit,G6 IV,G
Kepler-1696 b,4914,15.505,Neptune-like,2020,8.29,5972200000000000000000000,0.251,11.209,0.3244,0.18042438,0,Transit,K0,K
Kepler-169 f,1326,14.424,Neptune-like,2014,7.18,5972200000000000000000000,0.23,11.209,0.359,0.2384668,0,Transit,M2.5 V,M
Kepler-1700 b,2341,13.764,Neptune-like,2020,8.76,5972200000000000000000000,0.259,11.209,0.7576,0.64120466,0,Transit,K0 III/IV,K
Kepler-1709 b,894,11.642,Neptune-like,2021,9.93,5972200000000000000000000,0.279,11.209,0.3192,0.17987679,0,Transit,G8 IV,G
Kepler-170 c,2409,14.344,Neptune-like,2014,8.55,5972200000000000000000000,0.255,11.209,0.131,0.045722112,0,Transit,K0 III,K
Kepler-1710 b,996,12.695,Neptune-like,2021,10.3,5972200000000000000000000,0.285,11.209,0.1159,0.040793974,0,Transit,K2,K
Kepler-1712 b,510,14.946,Neptune-like,2021,5.83,5972200000000000000000000,0.204,11.209,0.0903,0.03778234,0,Transit,K2,K
Kepler-1714 b,1336,11.041,Neptune-like,2021,10.7,5972200000000000000000000,0.291,11.209,0.1047,0.028199865,0,Transit,K3 IV,K
Kepler-1715 b,1705,12.881,Neptune-like,2021,16,5972200000000000000000000,0.369,11.209,0.2178,0.09746748,0,Transit,K3 IV,K
Kepler-1716 b,638,13.129,Neptune-like,2021,6.46,5972200000000000000000000,0.216,11.209,0.1916,0.09746748,0,Transit,K3 IV,K
Kepler-1717 b,3291,13.323,Neptune-like,2021,9.21,5972200000000000000000000,0.267,11.209,0.2014,0.08405202,0,Transit,G1 V,G
Kepler-1718 b,1225,12.821,Neptune-like,2021,7.12,5972200000000000000000000,0.229,11.209,0.4878,0.37015742,0,Transit,G2 IV,G
Kepler-1719 b,2953,13.478,Neptune-like,2021,14.8,5972200000000000000000000,0.352,11.209,0.0674,0.01670089,0,Transit,G2 IV,G
Kepler-171 b,2818,15.101,Neptune-like,2014,6.08,5972200000000000000000000,0.209,11.209,0.05,0.011498973,0,Transit,G2 V,G
Kepler-171 c,2818,15.101,Neptune-like,2014,7.08,5972200000000000000000000,0.228,11.209,0.098,0.031485286,0,Transit,K0 III-IV,K
Kepler-1720 b,2053,14.822,Neptune-like,2021,10.4,5972200000000000000000000,0.287,11.209,0.1043,0.034770705,0,Transit,K0 III-IV,K
Kepler-1721 b,2092,15.085,Neptune-like,2021,9.9,5972200000000000000000000,0.278,11.209,0.0519,0.012594113,0,Transit,K0 III-IV,K
Kepler-1722 b,2519,14.997,Neptune-like,2021,8.58,5972200000000000000000000,0.256,11.209,0.0819,0.025188226,0,Transit,M2.5 III,M
Kepler-1723 b,2646,14.383,Neptune-like,2021,8.65,5972200000000000000000000,0.257,11.209,0.2249,0.10896646,0,Transit,G0 IV,G
Kepler-1724 b,3460,14.961,Neptune-like,2021,8.43,5972200000000000000000000,0.253,11.209,0.0683,0.01779603,0,Transit,K2 V,K
Kepler-1725 b,1822,13.153,Neptune-like,2021,8.31,5972200000000000000000000,0.251,11.209,0.1302,0.045722112,0,Transit,G0 V,G
Kepler-1726 b,1274,13.851,Neptune-like,2021,6.84,5972200000000000000000000,0.224,11.209,0.1306,0.050376453,0,Transit,G3 V,G
Kepler-1727 b,2917,15.751,Neptune-like,2021,10.2,5972200000000000000000000,0.283,11.209,0.0796,0.024640657,0,Transit,G3 V,G
Kepler-1728 b,2126,15.279,Neptune-like,2021,9.04,5972200000000000000000000,0.264,11.209,0.0535,0.013141684,0,Transit,G8/K0 IV,G
Kepler-1729 b,1880,15.676,Neptune-like,2021,14.4,5972200000000000000000000,0.347,11.209,0.0418,0.011498973,0,Transit,G5 IV,G
Kepler-172 c,2703,14.703,Neptune-like,2014,8.55,5972200000000000000000000,0.255,11.209,0.068,0.017522246,0,Transit,G3 V,G
Kepler-172 d,2703,14.703,Neptune-like,2014,5.69,5972200000000000000000000,0.201,11.209,0.118,0.039972622,0,Transit,G3 V,G
Kepler-172 e,2703,14.703,Neptune-like,2014,8.05,5972200000000000000000000,0.246,11.209,0.211,0.09609856,0,Transit,K2 V,K
Kepler-1730 b,4655,15.478,Neptune-like,2021,18.4,5972200000000000000000000,0.4,11.209,0.1131,0.03778234,0,Transit,K3/4V,K
Kepler-1731 b,554,12.742,Neptune-like,2021,8.92,5972200000000000000000000,0.262,11.209,0.1401,0.059685145,0,Transit,G5 IV,G
Kepler-1732 b,4206,14.884,Neptune-like,2021,15.7,5972200000000000000000000,0.366,11.209,0.2015,0.08843258,0,Transit,G V,G
Kepler-1733 b,6787,15.612,Neptune-like,2021,12.8,5972200000000000000000000,0.324,11.209,0.0933,0.025188226,0,Transit,G6 IV,G
Kepler-1734 b,4837,15.598,Neptune-like,2021,9.74,5972200000000000000000000,0.276,11.209,0.0714,0.018617386,0,Transit,G5 V,G
Kepler-1736 b,4665,14.808,Neptune-like,2021,14.3,5972200000000000000000000,0.346,11.209,0.2188,0.103490755,0,Transit,F8 V,F
Kepler-1738 b,4250,15.649,Neptune-like,2021,8.37,5972200000000000000000000,0.252,11.209,0.0781,0.021081451,0,Transit,G9 V,G
Kepler-1739 b,2556,14.899,Neptune-like,2021,6.48,5972200000000000000000000,0.217,11.209,0.0697,0.019986311,0,Transit,G9 V,G
Kepler-173 c,2718,14.357,Neptune-like,2014,6.48,5972200000000000000000000,0.217,11.209,0.074,0.021902807,0,Transit,G9 V,G
Kepler-1740 b,3463,15.454,Neptune-like,2021,11,5972200000000000000000000,0.296,11.209,0.0779,0.022450376,0,Transit,G9 V,G
Kepler-1744 b,3561,15.566,Neptune-like,2021,13.6,5972200000000000000000000,0.336,11.209,0.2093,0.10157426,0,Transit,G9 V,G
Kepler-1747 b,4310,16.1966,Neptune-like,2021,16.8,5972200000000000000000000,0.381,11.209,0.066,0.016974675,0,Transit,G9 V,G
Kepler-1748 b,3534,16.004,Neptune-like,2021,7.81,5972200000000000000000000,0.242,11.209,0.0615,0.015879534,0,Transit,K2 V,K
Kepler-1750 b,4884,15.702,Neptune-like,2021,30.1,5972200000000000000000000,0.536,11.209,0.6785,0.56372344,0,Transit,K3V,K
Kepler-1752 b,3141,16.0249,Neptune-like,2021,18.7,5972200000000000000000000,0.405,11.209,0.2698,0.15441479,0,Transit,K3V,K
Kepler-1754 b,2345,16.007,Neptune-like,2021,6.53,5972200000000000000000000,0.218,11.209,0.0718,0.022450376,0,Transit,G8 IV,G
Kepler-1757 b,2633,15.817,Neptune-like,2021,8.99,5972200000000000000000000,0.263,11.209,0.1335,0.053935662,0,Transit,G3 IV-V,G
Kepler-1758 b,5181,15.119,Neptune-like,2021,7.13,5972200000000000000000000,0.229,11.209,0.0919,0.027378507,0,Transit,G3 V,G
Kepler-175 b,4281,15.225,Neptune-like,2014,7.08,5972200000000000000000000,0.228,11.209,0.105,0.032580424,0,Transit,G1 V,G
Kepler-175 c,4281,15.225,Neptune-like,2014,9.8,5972200000000000000000000,0.277,11.209,0.213,0.09308693,0,Transit,K0,K
Kepler-1762 b,5427,15.239,Neptune-like,2021,8.05,5972200000000000000000000,0.246,11.209,0.204,0.080766596,0,Transit,F7 V,F
Kepler-1764 b,5032,14.91,Neptune-like,2021,18.8,5972200000000000000000000,0.406,11.209,0.3512,0.19301848,0,Transit,G3V,G
Kepler-1765 b,2494,15.04,Neptune-like,2021,6.78,5972200000000000000000000,0.223,11.209,0.0917,0.028473647,0,Transit,F8 V,F
Kepler-1766 b,1635,12.96,Neptune-like,2021,5.81,5972200000000000000000000,0.203,11.209,0.4229,0.28747433,0,Transit,G8 V,G
Kepler-1767 b,2676,16.206,Neptune-like,2021,9.34,5972200000000000000000000,0.269,11.209,0.2873,0.16344969,0,Transit,G8 V,G
Kepler-1769 b,1430,12.487,Neptune-like,2021,18.2,5972200000000000000000000,0.398,11.209,0.3987,0.24421628,0,Transit,G8 IV,G
Kepler-176 c,1720,14.767,Neptune-like,2014,23,5972200000000000000000000,0.232,11.209,0.102,0.03504449,0,Transit,G8 IV,G
Kepler-176 d,1720,14.767,Super Earth,2014,15.2,5972200000000000000000000,0.224,11.209,0.163,0.07063655,0,Transit,G6 V,G
Kepler-1770 b,1902,14.418,Neptune-like,2021,8.45,5972200000000000000000000,0.253,11.209,0.1261,0.04599589,0,Transit,K0 III-IV,K
Kepler-1771 b,1845,13.802,Neptune-like,2021,15.5,5972200000000000000000000,0.362,11.209,0.3815,0.24257357,0,Transit,K0 III-IV,K
Kepler-1773 b,2222,13.085,Neptune-like,2021,12.1,5972200000000000000000000,0.313,11.209,0.2489,0.11170431,0,Transit,G8 V,G
Kepler-1778 b,4163,15.273,Neptune-like,2021,9.36,5972200000000000000000000,0.269,11.209,0.0956,0.027652293,0,Transit,G2/G3 IV/V,G
Kepler-1779 b,2964,15.132,Neptune-like,2021,9.44,5972200000000000000000000,0.271,11.209,0.1264,0.044626966,0,Transit,G5 V,G
Kepler-177 b,4682,15.171,Neptune-like,2013,5.84,5972200000000000000000000,0.312,11.209,0.2184,0.1010267,0,Transit,G5 V,G
Kepler-177 c,4682,15.171,Neptune-like,2013,14.7,5972200000000000000000000,0.779,11.209,0.2655,0.13524984,0,Transit,G5 V,G
Kepler-1780 b,2579,14.907,Neptune-like,2021,12.7,5972200000000000000000000,0.322,11.209,0.4276,0.29952088,0,Transit,K1/2V,K
Kepler-1784 b,2880,15.423,Neptune-like,2021,8.24,5972200000000000000000000,0.25,11.209,0.1072,0.037234772,0,Transit,F7 V,F
Kepler-1785 b,2433,14.245,Neptune-like,2021,7.77,5972200000000000000000000,0.241,11.209,0.1379,0.053661875,0,Transit,G5 IV/V,G
Kepler-1786 b,2818,14.088,Neptune-like,2021,10.1,5972200000000000000000000,0.282,11.209,0.3659,0.21492128,0,Transit,K0 III,K
Kepler-1787 b,2540,14.564,Neptune-like,2021,5.99,5972200000000000000000000,0.207,11.209,0.227,0.10759754,0,Transit,F5 V,F
Kepler-1788 b,1828,15.484,Neptune-like,2021,6.25,5972200000000000000000000,0.212,11.209,0.0343,0.007665982,0,Transit,F5 V,F
Kepler-1789 b,1995,14.449,Neptune-like,2021,8.4,5972200000000000000000000,0.253,11.209,0.3543,0.21957563,0,Transit,K2.5 V,K
Kepler-178 b,2336,14.876,Neptune-like,2014,8.75,5972200000000000000000000,0.259,11.209,0.085,0.026283368,0,Transit,K0 V,K
Kepler-178 c,2336,14.876,Neptune-like,2014,8.65,5972200000000000000000000,0.257,11.209,0.142,0.05639973,0,Transit,K0 V,K
Kepler-178 d,2336,14.876,Neptune-like,2014,14.8,5972200000000000000000000,0.352,11.209,0.397,0.26475015,0,Transit,K0 V,K
Kepler-1790 b,3491,14.179,Neptune-like,2021,10,5972200000000000000000000,0.281,11.209,0.197,0.08651608,0,Transit,K0 V,K
Kepler-1791 b,1964,13.529,Neptune-like,2021,9.91,5972200000000000000000000,0.278,11.209,0.0761,0.021081451,0,Transit,G1.5 V,G
Kepler-1792 b,1961,15.566,Neptune-like,2021,6.89,5972200000000000000000000,0.225,11.209,0.0488,0.011498973,0,Transit,G5 V,G
Kepler-1793 b,3881,15.949,Neptune-like,2021,13.8,5972200000000000000000000,0.338,11.209,0.0787,0.024093088,0,Transit,G5 V,G
Kepler-1796 b,2694,14.493,Neptune-like,2021,8,5972200000000000000000000,0.245,11.209,0.1879,0.080766596,0,Transit,K0 V,K
Kepler-1797 b,4366,15.421,Neptune-like,2021,9.58,5972200000000000000000000,0.273,11.209,0.1637,0.06406571,0,Transit,G8 V,G
Kepler-1798 b,1289,16.391,Neptune-like,2021,5.94,5972200000000000000000000,0.206,11.209,0.1082,0.046269678,0,Transit,G8 V,G
Kepler-1799 b,7355,15.99,Neptune-like,2021,15.9,5972200000000000000000000,0.368,11.209,0.1028,0.032580424,0,Transit,G8 V,G
Kepler-1801 b,2738,15.28,Neptune-like,2021,7.8,5972200000000000000000000,0.242,11.209,0.0915,0.028473647,0,Transit,G8,G
Kepler-1802 c,2077,15.905,Neptune-like,2021,6,5972200000000000000000000,0.207,11.209,0.1748,0.09062286,0,Transit,G2 V,G
Kepler-1806 b,3190,16.173,Neptune-like,2021,6.15,5972200000000000000000000,0.21,11.209,0.0813,0.024640657,0,Transit,M1 III,M
Kepler-1807 b,4238,14.127,Neptune-like,2021,7.77,5972200000000000000000000,0.241,11.209,0.0988,0.029842572,0,Transit,K3/4 IV,K
Kepler-1808 b,3334,15.424,Neptune-like,2021,9.4,5972200000000000000000000,0.27,11.209,0.1467,0.06379192,0,Transit,K0,K
Kepler-180 c,2269,14.488,Neptune-like,2014,9.32,5972200000000000000000000,0.269,11.209,0.229,0.11471595,0,Transit,G0 V,G
Kepler-1810 b,3294,15.4,Neptune-like,2021,14.6,5972200000000000000000000,0.35,11.209,0.4137,0.2767967,0,Transit,G3 V,G
Kepler-1811 b,4536,15.327,Neptune-like,2021,14.1,5972200000000000000000000,0.343,11.209,0.3462,0.2091718,0,Transit,G0 V,G
Kepler-1812 b,4597,15.631,Neptune-like,2021,6.01,5972200000000000000000000,0.207,11.209,0.0765,0.019712524,0,Transit,K1 III,K
Kepler-1814 b,2369,15.814,Neptune-like,2021,6.21,5972200000000000000000000,0.211,11.209,0.0371,0.007939767,0,Transit,F7 V,F
Kepler-1815 b,3284,15.621,Neptune-like,2021,7.99,5972200000000000000000000,0.245,11.209,0.0984,0.03340178,0,Transit,G5,G
Kepler-1817 b,2442,15.346,Neptune-like,2021,5.79,5972200000000000000000000,0.203,11.209,0.2348,0.12128679,0,Transit,K7 V,K
Kepler-1819 b,4447,15.489,Neptune-like,2021,14.5,5972200000000000000000000,0.348,11.209,0.1337,0.04517454,0,Transit,F8 V,F
Kepler-1820 b,4650,15.759,Neptune-like,2021,9.9,5972200000000000000000000,0.278,11.209,0.1964,0.08487337,0,Transit,G8 IV,G
Kepler-1821 b,2609,14.795,Neptune-like,2021,7.24,5972200000000000000000000,0.231,11.209,0.1244,0.04517454,0,Transit,G0/1 V,G
Kepler-1829 b,2218,15.218,Neptune-like,2021,6.71,5972200000000000000000000,0.221,11.209,0.0559,0.014236824,0,Transit,G,G
Kepler-182 b,5053,14.942,Neptune-like,2014,7.18,5972200000000000000000000,0.23,11.209,0.096,0.026830938,0,Transit,G,G
Kepler-182 c,5053,14.942,Neptune-like,2014,11.6,5972200000000000000000000,0.306,11.209,0.157,0.056673512,0,Transit,G8 V,G
Kepler-1830 b,3448,13.605,Neptune-like,2021,11.1,5972200000000000000000000,0.297,11.209,0.3259,0.15468857,0,Transit,G0,G
Kepler-1835 b,4581,15.615,Neptune-like,2021,12.2,5972200000000000000000000,0.315,11.209,0.0997,0.03285421,0,Transit,K3 V,K
Kepler-1836 b,4804,15.558,Neptune-like,2021,7.05,5972200000000000000000000,0.228,11.209,0.0602,0.01451061,0,Transit,K3 V,K
Kepler-183 c,3427,14.993,Super Earth,2014,35.7,5972200000000000000000000,0.203,11.209,0.103,0.03175907,0,Transit,K3 V,K
Kepler-1840 b,1674,15.192,Neptune-like,2021,8.13,5972200000000000000000000,0.248,11.209,0.4644,0.35920602,0,Transit,K3 V,K
Kepler-1842 b,3013,14.746,Neptune-like,2021,6.14,5972200000000000000000000,0.21,11.209,0.116,0.03832991,0,Transit,K3 V,K
Kepler-1843 b,2559,13.086,Neptune-like,2021,7.8,5972200000000000000000000,0.242,11.209,0.171,0.069815196,0,Transit,K3 V,K
Kepler-1844 b,5886,15.995,Neptune-like,2021,9.46,5972200000000000000000000,0.271,11.209,0.0478,0.010677618,0,Transit,G0 V,G
Kepler-1845 b,2318,16.117,Neptune-like,2021,6.52,5972200000000000000000000,0.218,11.209,0.0885,0.03175907,0,Transit,G1 V,G
Kepler-1847 b,5525,16.027,Neptune-like,2021,7.97,5972200000000000000000000,0.245,11.209,0.0989,0.030390145,0,Transit,K2,K
Kepler-1849 b,2061,15.997,Neptune-like,2021,6.29,5972200000000000000000000,0.213,11.209,0.2597,0.15687884,0,Transit,K2,K
Kepler-184 b,1991,14.42,Neptune-like,2014,6.17,5972200000000000000000000,0.211,11.209,0.092,0.029295003,0,Transit,K0,K
Kepler-184 d,1991,14.42,Neptune-like,2014,6.76,5972200000000000000000000,0.222,11.209,0.179,0.07939767,0,Transit,G9 V CN+1,G
Kepler-1851 b,5186,15.699,Neptune-like,2021,14.5,5972200000000000000000000,0.348,11.209,0.1016,0.03285421,0,Transit,G8 V,G
Kepler-1854 b,1381,14.381,Neptune-like,2021,7.21,5972200000000000000000000,0.231,11.209,0.2119,0.10896646,0,Transit,G8 V,G
Kepler-1858 b,2717,15.959,Neptune-like,2021,6.44,5972200000000000000000000,0.216,11.209,0.3575,0.24120465,0,Transit,G8 IV,G
Kepler-1863 b,2823,13.64,Neptune-like,2021,5.74,5972200000000000000000000,0.202,11.209,0.2555,0.123203285,0,Transit,G8 IV,G
Kepler-1868 b,894,14.157,Neptune-like,2021,10.1,5972200000000000000000000,0.281,11.209,0.6266,0.5776865,0,Transit,K4.5,K
Kepler-1871 b,2788,14.822,Neptune-like,2021,6.44,5972200000000000000000000,0.216,11.209,0.0308,0.005475702,0,Transit,F8 V,F
Kepler-1872 b,2741,15.966,Neptune-like,2021,6.28,5972200000000000000000000,0.213,11.209,0.0465,0.010403832,0,Transit,F8 V,F
Kepler-1878 b,4874,15.587,Neptune-like,2021,8.86,5972200000000000000000000,0.261,11.209,0.0521,0.012046544,0,Transit,K3V,K
Kepler-187 c,3728,14.297,Neptune-like,2014,7.61,5972200000000000000000000,0.238,11.209,0.099,0.02902122,0,Transit,G8 V+,G
Kepler-1881 b,3449,15.898,Neptune-like,2021,9.17,5972200000000000000000000,0.266,11.209,0.5368,0.4364134,0,Transit,K3 V,K
Kepler-1883 b,4494,15.642,Neptune-like,2021,10.6,5972200000000000000000000,0.29,11.209,0.4438,0.28309378,0,Transit,K3 V,K
Kepler-1886 b,3456,15.627,Neptune-like,2021,7.18,5972200000000000000000000,0.23,11.209,0.16,0.06652977,0,Transit,K3 V,K
Kepler-1887 b,4456,15.955,Neptune-like,2021,8.88,5972200000000000000000000,0.261,11.209,0.1421,0.05448323,0,Transit,K3 V,K
Kepler-1889 b,4551,15.715,Neptune-like,2021,8.98,5972200000000000000000000,0.263,11.209,0.2082,0.10212183,0,Transit,K3 V,K
Kepler-188 c,3159,14.719,Neptune-like,2014,10.3,5972200000000000000000000,0.285,11.209,0.066,0.016427105,0,Transit,K3 V,K
Kepler-1896 b,5653,15.844,Neptune-like,2021,9.8,5972200000000000000000000,0.277,11.209,0.2529,0.122929506,0,Transit,G5 III,G
Kepler-1897 b,3207,16.01,Neptune-like,2021,8.32,5972200000000000000000000,0.251,11.209,0.1546,0.066255994,0,Transit,K0 III,K
Kepler-18 c,1413,13.771,Neptune-like,2011,17.3,5972200000000000000000000,0.49,11.209,0.0752,0.020807665,0,Transit,G0 IV,G
Kepler-18 d,1413,13.771,Neptune-like,2011,16.4,5972200000000000000000000,0.623,11.209,0.1172,0.040793974,0,Transit,G0 IV,G
Kepler-1903 b,5791,15.456,Neptune-like,2021,5.85,5972200000000000000000000,0.204,11.209,0.1321,0.04681725,0,Transit,M2 III,M
Kepler-1906 b,4438,15.322,Neptune-like,2021,8.13,5972200000000000000000000,0.248,11.209,0.0738,0.020260096,0,Transit,G5,G
Kepler-1914 b,5290,15.911,Neptune-like,2021,8.97,5972200000000000000000000,0.263,11.209,0.1954,0.084325805,0,Transit,G3 V,G
Kepler-1915 b,4941,16.261,Neptune-like,2021,10.4,5972200000000000000000000,0.287,11.209,0.114,0.03778234,0,Transit,F9,F
Kepler-1916 b,6706,15.779,Neptune-like,2021,7.35,5972200000000000000000000,0.234,11.209,0.2053,0.08569473,0,Transit,F8,F
Kepler-1918 b,3360,15.533,Neptune-like,2021,5.89,5972200000000000000000000,0.205,11.209,0.2524,0.12895277,0,Transit,F7 V,F
Kepler-1919 b,3841,16.161,Neptune-like,2021,7.38,5972200000000000000000000,0.234,11.209,0.2107,0.10376455,0,Transit,K0 IV/V,K
Kepler-191 d,1939,14.987,Neptune-like,2016,5.82,5972200000000000000000000,0.203,11.209,0.0599,0.01615332,0,Transit,G2 V,G
Kepler-1920 b,2890,14.392,Neptune-like,2021,9.03,5972200000000000000000000,0.264,11.209,0.2043,0.08295688,0,Transit,G8 IV,G
Kepler-1921 b,3030,13.103,Neptune-like,2021,8.72,5972200000000000000000000,0.258,11.209,0.1557,0.054757014,0,Transit,K0 III,K
Kepler-1922 b,4385,15.388,Neptune-like,2021,5.86,5972200000000000000000000,0.204,11.209,0.1077,0.03613963,0,Transit,G2 V,G
Kepler-1924 b,6233,15.084,Neptune-like,2021,7.53,5972200000000000000000000,0.237,11.209,0.1216,0.041889116,0,Transit,G5 V,G
Kepler-1925 b,5778,15.382,Neptune-like,2021,9.28,5972200000000000000000000,0.268,11.209,0.2588,0.12785764,0,Transit,F8/G0 IV/V,F
Kepler-1926 b,2177,15.8,Neptune-like,2021,5.97,5972200000000000000000000,0.207,11.209,0.2197,0.117453806,0,Transit,G2 V,G
Kepler-1927 b,3559,13.312,Neptune-like,2021,11.5,5972200000000000000000000,0.304,11.209,0.3859,0.2020534,0,Transit,K5/M0V,K
Kepler-1929 b,1658,11.788,Neptune-like,2021,9.65,5972200000000000000000000,0.274,11.209,0.2987,0.16262834,0,Transit,G8 III/IV,G
Kepler-192 b,2126,14.308,Neptune-like,2014,7.95,5972200000000000000000000,0.244,11.209,0.09,0.027104722,0,Transit,K1,K
Kepler-192 c,2126,14.308,Neptune-like,2014,8.2,5972200000000000000000000,0.249,11.209,0.15,0.05804244,0,Transit,F7/F8V,F
Kepler-1931 b,2023,12.671,Neptune-like,2021,7.53,5972200000000000000000000,0.237,11.209,0.2356,0.10568104,0,Transit,F9.5 V,F
Kepler-1935 b,2951,14.522,Neptune-like,2021,6.82,5972200000000000000000000,0.223,11.209,0.0463,0.010951404,0,Transit,G2 V,G
Kepler-1936 b,2842,13.393,Neptune-like,2021,10.2,5972200000000000000000000,0.282,11.209,0.5548,0.34661192,0,Transit,F8 V,F
Kepler-1937 b,2952,14.163,Neptune-like,2021,9.39,5972200000000000000000000,0.27,11.209,0.0943,0.026557151,0,Transit,K5,K
Kepler-193 b,3292,14.712,Neptune-like,2014,6.3,5972200000000000000000000,0.213,11.209,0.106,0.031211497,0,Transit,G0,G
Kepler-193 c,3292,14.712,Neptune-like,2014,8,5972200000000000000000000,0.245,11.209,0.286,0.13880904,0,Transit,K4 V,K
Kepler-1941 b,4875,14.943,Neptune-like,2021,7.51,5972200000000000000000000,0.236,11.209,0.2054,0.08569473,0,Transit,K4 V,K
Kepler-1944 b,3511,15.582,Neptune-like,2021,8.05,5972200000000000000000000,0.246,11.209,0.0918,0.026830938,0,Transit,K4 V,K
Kepler-1946 b,3269,15.508,Neptune-like,2021,6.75,5972200000000000000000000,0.222,11.209,0.0394,0.008213553,0,Transit,K4 V,K
Kepler-194 c,3582,14.969,Neptune-like,2014,7.22,5972200000000000000000000,0.231,11.209,0.131,0.047364816,0,Transit,K4 V,K
Kepler-194 d,3582,14.969,Neptune-like,2014,6.35,5972200000000000000000000,0.214,11.209,0.275,0.14455852,0,Transit,K2 V,K
Kepler-1951 b,4167,14.367,Neptune-like,2021,6,5972200000000000000000000,0.207,11.209,0.1435,0.056673512,0,Transit,F8,F
Kepler-196 c,1472,14.239,Neptune-like,2014,5.65,5972200000000000000000000,0.2,11.209,0.24,0.12977414,0,Transit,M0.0 V,M
Kepler-196 d,1472,14.239,Neptune-like,2021,7.56,5972200000000000000000000,0.237,11.209,0.4484,0.33429158,0,Transit,K7,K
Kepler-198 b,1616,13.684,Neptune-like,2014,8.35,5972200000000000000000000,0.252,11.209,0.131,0.04873374,0,Transit,K3 III,K
Kepler-198 c,1616,13.684,Neptune-like,2014,6.66,5972200000000000000000000,0.22,11.209,0.259,0.1357974,0,Transit,K2 III,K
Kepler-199 b,1700,13.796,Neptune-like,2014,9.85,5972200000000000000000000,0.277,11.209,0.158,0.06461328,0,Transit,G0 V,G
Kepler-199 c,1700,13.796,Neptune-like,2014,10.6,5972200000000000000000000,0.29,11.209,0.316,0.18370979,0,Transit,G0 V,G
Kepler-201 b,2076,12.991,Neptune-like,2014,6.62,5972200000000000000000000,0.219,11.209,0.175,0.07036277,0,Transit,K2 V,K
Kepler-201 c,2076,12.991,Neptune-like,2014,8.5,5972200000000000000000000,0.254,11.209,0.573,0.41587952,0,Transit,F8 V,F
Kepler-203 b,2294,14.14,Neptune-like,2014,7.13,5972200000000000000000000,0.229,11.209,0.043,0.008761123,0,Transit,K1 III,K
Kepler-209 b,1882,14.132,Neptune-like,2014,5.73,5972200000000000000000000,0.202,11.209,0.122,0.044079397,0,Transit,M0 V,M
Kepler-209 c,1882,14.132,Neptune-like,2014,9.8,5972200000000000000000000,0.277,11.209,0.231,0.11416838,0,Transit,M0 V,M
Kepler-20 d,922,12.61,Neptune-like,2011,10.07,5972200000000000000000000,0.245,11.209,0.3506,0.21245721,0,Transit,K1 V,K
Kepler-210 b,759,14.126,Neptune-like,2014,8.96,5972200000000000000000000,0.262,11.209,0.032,0.006844627,0,Transit,K0 V,K
Kepler-210 c,759,14.126,Neptune-like,2014,12.8,5972200000000000000000000,0.323,11.209,0.07,0.021902807,0,Transit,K1/2III,K
Kepler-212 c,2242,13.129,Neptune-like,2014,7.95,5972200000000000000000000,0.244,11.209,0.207,0.087063655,0,Transit,G3 IV/V,G
Kepler-213 c,2071,13.705,Neptune-like,2014,6.08,5972200000000000000000000,0.209,11.209,0.057,0.013141684,0,Transit,K2 V,K
Kepler-214 b,3942,14.057,Neptune-like,2014,7.32,5972200000000000000000000,0.233,11.209,0.13,0.04298426,0,Transit,K2 V,K
Kepler-215 d,1585,13.678,Super Earth,2014,23.6,5972200000000000000000000,0.213,11.209,0.185,0.08459959,0,Transit,K2 V,K
Kepler-216 b,3874,14.054,Neptune-like,2014,6.12,5972200000000000000000000,0.21,11.209,0.079,0.021081451,0,Transit,G0 V,G
Kepler-216 c,3874,14.054,Neptune-like,2014,9.48,5972200000000000000000000,0.271,11.209,0.136,0.047638603,0,Transit,F8/G0 V,F
Kepler-218 c,2141,14.035,Neptune-like,2014,10,5972200000000000000000000,0.28,11.209,0.248,0.12238193,0,Transit,F8/G0 V,F
Kepler-218 d,2141,14.035,Neptune-like,2016,7.56,5972200000000000000000000,0.237,11.209,0.4865,0.34086242,0,Transit,F8/G0 V,F
Kepler-219 b,2567,13.823,Neptune-like,2014,9.01,5972200000000000000000000,0.263,11.209,0.057,0.012594113,0,Transit,G5,G
Kepler-219 c,2567,13.823,Neptune-like,2014,12.5,5972200000000000000000000,0.319,11.209,0.165,0.062149215,0,Transit,G5,G
Kepler-221 c,1257,13.97,Super Earth,2014,15.1,5972200000000000000000000,0.261,11.209,0.059,0.015605749,0,Transit,G1 IV/V,G
Kepler-221 d,1257,13.97,Neptune-like,2014,7.9,5972200000000000000000000,0.244,11.209,0.087,0.027378507,0,Transit,K4.5 V,K
Kepler-221 e,1257,13.97,Neptune-like,2014,7.41,5972200000000000000000000,0.235,11.209,0.13,0.050376453,0,Transit,M2 V,M
Kepler-222 b,2475,15.407,Neptune-like,2014,10.1,5972200000000000000000000,0.282,11.209,0.048,0.010677618,0,Transit,G8 IV,G
Kepler-222 c,2475,15.407,Neptune-like,2014,19.4,5972200000000000000000000,0.414,11.209,0.091,0.027652293,0,Transit,G5,G
Kepler-222 d,2475,15.407,Neptune-like,2014,13.2,5972200000000000000000000,0.329,11.209,0.18,0.07693361,0,Transit,G8 V,G
Kepler-223 b,6066,15.69,Neptune-like,2014,7.4,5972200000000000000000000,0.267,11.209,0.0756,0.020260096,0.08,Transit,K1 III,K
Kepler-223 c,6066,15.69,Neptune-like,2014,5.1,5972200000000000000000000,0.307,11.209,0.0916,0.026830938,0.15,Transit,K0 III,K
Kepler-223 e,6066,15.69,Neptune-like,2014,4.8,5972200000000000000000000,0.41,11.209,0.1455,0.053935662,0.05,Transit,G8 V,G
Kepler-224 c,2551,15.801,Neptune-like,2014,9.91,5972200000000000000000000,0.278,11.209,0.058,0.01615332,0,Transit,G8 V,G
Kepler-224 d,2551,15.801,Neptune-like,2014,5.9,5972200000000000000000000,0.205,11.209,0.089,0.030937715,0,Transit,G2 IV,G
Kepler-227 b,3533,15.623,Neptune-like,2014,9.85,5972200000000000000000000,0.277,11.209,0.09,0.026009582,0,Transit,G9 V,G
Kepler-227 c,3533,15.623,Neptune-like,2014,9.48,5972200000000000000000000,0.271,11.209,0.29,0.14893909,0,Transit,K0 III,K
Kepler-228 c,5365,15.902,Neptune-like,2014,7.75,5972200000000000000000000,0.241,11.209,0.052,0.011225188,0,Transit,F8,F
Kepler-228 d,5365,15.902,Neptune-like,2014,15.4,5972200000000000000000000,0.36,11.209,0.101,0.030390145,0,Transit,G2 V,G
Kepler-229 c,2695,16.22,Neptune-like,2014,21.5,5972200000000000000000000,0.439,11.209,0.117,0.044079397,0,Transit,G2 V,G
Kepler-229 d,2695,16.22,Neptune-like,2014,14.2,5972200000000000000000000,0.343,11.209,0.22,0.11279946,0,Transit,G2 V,G
Kepler-22 b,635,11.751,Super Earth,2011,36,5972200000000000000000000,0.212,11.209,0.849,0.7937029,0,Transit,K0 V,K
Kepler-230 b,2416,15.264,Neptune-like,2014,16.8,5972200000000000000000000,0.38,11.209,0.191,0.08925393,0,Transit,K0 V,K
Kepler-232 b,4401,15.565,Neptune-like,2014,9.69,5972200000000000000000000,0.275,11.209,0.054,0.012046544,0,Transit,K0 V,K
Kepler-232 c,4401,15.565,Neptune-like,2014,14,5972200000000000000000000,0.342,11.209,0.101,0.031211497,0,Transit,K0 V,K
Kepler-233 b,2794,15.477,Neptune-like,2014,6.48,5972200000000000000000000,0.217,11.209,0.077,0.023271732,0,Transit,K1 III,K
Kepler-233 c,2794,15.477,Neptune-like,2014,7.8,5972200000000000000000000,0.242,11.209,0.287,0.16536619,0,Transit,G5 IV,G
Kepler-234 b,5653,15.747,Neptune-like,2014,13.2,5972200000000000000000000,0.33,11.209,0.04,0.007392197,0,Transit,K1,K
Kepler-234 c,5653,15.747,Neptune-like,2014,12.1,5972200000000000000000000,0.313,11.209,0.077,0.019712524,0,Transit,K0,K
Kepler-238 c,5868,15.297,Neptune-like,2014,6.3,5972200000000000000000000,0.213,11.209,0.069,0.016974675,0,Transit,K0 III,K
Kepler-238 d,5868,15.297,Neptune-like,2014,9.64,5972200000000000000000000,0.274,11.209,0.115,0.03613963,0,Transit,K0 III,K
Kepler-239 b,2114,15.252,Neptune-like,2014,6.04,5972200000000000000000000,0.208,11.209,0.095,0.03230664,0,Transit,K0 III,K
Kepler-239 c,2114,15.252,Neptune-like,2014,6.85,5972200000000000000000000,0.224,11.209,0.268,0.15386721,0,Transit,F8,F
Kepler-241 b,1670,15.708,Neptune-like,2014,6.04,5972200000000000000000000,0.208,11.209,0.094,0.034770705,0,Transit,G3/G5 V,G
Kepler-241 c,1670,15.708,Neptune-like,2014,7.13,5972200000000000000000000,0.229,11.209,0.189,0.09883641,0,Transit,F6 V,F
Kepler-242 b,1958,15.489,Neptune-like,2014,7.32,5972200000000000000000000,0.233,11.209,0.075,0.022450376,0,Transit,K0 III,K
Kepler-243 b,2263,15.159,Neptune-like,2014,6.57,5972200000000000000000000,0.219,11.209,0.062,0.015605749,0,Transit,K0 III,K
Kepler-244 b,3381,15.747,Neptune-like,2014,8.05,5972200000000000000000000,0.246,11.209,0.05,0.011772759,0,Transit,G0 V,G
Kepler-244 d,3381,15.747,Super Earth,2014,15.2,5972200000000000000000000,0.206,11.209,0.14,0.0550308,0,Transit,G0 V,G
Kepler-245 b,2810,15.546,Neptune-like,2014,7.13,5972200000000000000000000,0.229,11.209,0.071,0.02053388,0,Transit,G0 V,G
Kepler-245 d,2810,15.546,Neptune-like,2014,21.6,5972200000000000000000000,0.27,11.209,0.202,0.09938398,0,Transit,G0 V,G
Kepler-246 b,2042,15.197,Neptune-like,2014,6.08,5972200000000000000000000,0.209,11.209,0.052,0.012594113,0,Transit,G0 V,G
Kepler-247 c,2165,15.199,Neptune-like,2014,15.7,5972200000000000000000000,0.365,11.209,0.084,0.025735795,0,Transit,G0 V,G
Kepler-247 d,2165,15.199,Neptune-like,2014,14.7,5972200000000000000000000,0.352,11.209,0.14,0.056125943,0,Transit,G0,G
Kepler-248 b,2410,15.506,Neptune-like,2014,9.38,5972200000000000000000000,0.269,11.209,0.066,0.017248461,0,Transit,G8 III,G
Kepler-248 c,2410,15.506,Neptune-like,2014,15.6,5972200000000000000000000,0.363,11.209,0.123,0.044353183,0,Transit,K0 V,K
Kepler-24 e,3774,15.04,Neptune-like,2014,8.15,5972200000000000000000000,0.248,11.209,0.138,0.052019164,0,Transit,G4 V,G
Kepler-250 c,2481,15.819,Neptune-like,2014,5.82,5972200000000000000000000,0.203,11.209,0.069,0.019712524,0,Transit,G4 V,G
Kepler-251 c,3016,15.541,Neptune-like,2014,8.1,5972200000000000000000000,0.247,11.209,0.122,0.04517454,0,Transit,G4 V,G
Kepler-251 d,3016,15.541,Neptune-like,2014,8.1,5972200000000000000000000,0.247,11.209,0.182,0.08240931,0,Transit,K0,K
Kepler-251 e,3016,15.541,Neptune-like,2014,8.1,5972200000000000000000000,0.247,11.209,0.404,0.27268994,0,Transit,K0,K
Kepler-253 c,2735,15.778,Neptune-like,2014,7.51,5972200000000000000000000,0.236,11.209,0.089,0.028199865,0,Transit,K2V,K
Kepler-253 d,2735,15.778,Neptune-like,2014,10.2,5972200000000000000000000,0.283,11.209,0.13,0.0495551,0,Transit,F9.5 V,F
Kepler-254 b,4532,16.012,Neptune-like,2014,14.3,5972200000000000000000000,0.345,11.209,0.064,0.015879534,0,Transit,G4 IV,G
Kepler-254 d,4532,16.012,Neptune-like,2014,6.8,5972200000000000000000000,0.223,11.209,0.139,0.051197812,0,Transit,G4 IV,G
Kepler-255 c,3433,15.699,Neptune-like,2014,9.22,5972200000000000000000000,0.267,11.209,0.092,0.027104722,0,Transit,K0,K
Kepler-256 d,3348,15.178,Neptune-like,2014,6.71,5972200000000000000000000,0.221,11.209,0.064,0.015879534,0,Transit,G0 V,G
Kepler-256 e,3348,15.178,Neptune-like,2014,6.12,5972200000000000000000000,0.21,11.209,0.096,0.029295003,0,Transit,K0 V,K
Kepler-257 b,2545,15.652,Neptune-like,2014,7.32,5972200000000000000000000,0.233,11.209,0.034,0.006570842,0,Transit,K0 V,K
Kepler-257 c,2545,15.652,Neptune-like,2014,25.2,5972200000000000000000000,0.483,11.209,0.066,0.018069815,0,Transit,K0 V,K
Kepler-257 d,2545,15.652,Neptune-like,2014,21.7,5972200000000000000000000,0.442,11.209,0.16,0.06762492,0,Transit,G8 V,G
Kepler-258 b,1879,15.49,Neptune-like,2014,15.5,5972200000000000000000000,0.362,11.209,0.103,0.03613963,0,Transit,K2.5 V,K
Kepler-258 c,1879,15.49,Neptune-like,2014,12.7,5972200000000000000000000,0.322,11.209,0.193,0.092265576,0,Transit,K2.5 V,K
Kepler-259 b,3269,15.378,Neptune-like,2014,8.25,5972200000000000000000000,0.25,11.209,0.079,0.022176592,0,Transit,K2.5 V,K
Kepler-259 c,3269,15.378,Neptune-like,2014,7.75,5972200000000000000000000,0.241,11.209,0.217,0.1010267,0,Transit,K2.5 V,K
Kepler-25 b,793,10.769,Neptune-like,2011,8.7,5972200000000000000000000,0.245,11.209,0.0685,0.016974675,0,Transit,K2.5 V,K
Kepler-25 c,793,10.769,Neptune-like,2011,15.2,5972200000000000000000000,0.465,11.209,0.1101,0.034770705,0.01,Transit,K0,K
Kepler-263 b,2462,15.435,Neptune-like,2014,7.61,5972200000000000000000000,0.238,11.209,0.12,0.045448326,0,Transit,F8 V,F
Kepler-263 c,2462,15.435,Neptune-like,2014,6.66,5972200000000000000000000,0.22,11.209,0.242,0.12950034,0,Transit,K1/K2 V,K
Kepler-264 b,3073,13.15,Neptune-like,2014,11.1,5972200000000000000000000,0.297,11.209,0.249,0.11170431,0,Transit,M2 V,M
Kepler-264 c,3073,13.15,Neptune-like,2014,8.4,5972200000000000000000000,0.252,11.209,0.566,0.3835729,0,Transit,G5,G
Kepler-265 c,4176,15.47,Neptune-like,2014,7.41,5972200000000000000000000,0.235,11.209,0.127,0.046543464,0,Transit,K0,K
Kepler-265 d,4176,15.47,Neptune-like,2014,6.76,5972200000000000000000000,0.222,11.209,0.236,0.118001364,0,Transit,G5,G
Kepler-265 e,4176,15.47,Neptune-like,2014,7.22,5972200000000000000000000,0.231,11.209,0.319,0.1856263,0,Transit,G5,G
Kepler-266 b,4472,15.787,Neptune-like,2014,6.71,5972200000000000000000000,0.221,11.209,0.071,0.018069815,0,Transit,G7 V Fe-1 CH-0.5,G
Kepler-266 c,4472,15.787,Neptune-like,2014,14.4,5972200000000000000000000,0.347,11.209,0.457,0.29486653,0,Transit,G4 V,G
Kepler-267 d,864,16.69,Neptune-like,2014,5.77,5972200000000000000000000,0.203,11.209,0.154,0.078028746,0,Transit,G5V,G
Kepler-268 b,2779,13.844,Neptune-like,2014,7.04,5972200000000000000000000,0.227,11.209,0.18,0.070910335,0,Transit,G5,G
Kepler-268 c,2779,13.844,Neptune-like,2014,11.4,5972200000000000000000000,0.302,11.209,0.391,0.22833677,0,Transit,G8 V,G
Kepler-269 b,7363,15.646,Neptune-like,2014,6.66,5972200000000000000000000,0.22,11.209,0.061,0.01451061,0,Transit,G8 V,G
Kepler-26 b,1094,15.853,Neptune-like,2011,5.12,5972200000000000000000000,0.248,11.209,0.08551,0.033675566,0,Transit,G0,G
Kepler-26 c,1094,15.853,Neptune-like,2011,6.2,5972200000000000000000000,0.243,11.209,0.10725,0.047364816,0,Transit,G2 V,G
Kepler-26 e,1094,15.853,Neptune-like,2014,6.39,5972200000000000000000000,0.215,11.209,0.22,0.12813142,0,Transit,G1.5 V,G
Kepler-272 d,2902,14.811,Neptune-like,2014,5.69,5972200000000000000000000,0.201,11.209,0.091,0.029842572,0,Transit,G1.5 V,G
Kepler-275 b,6636,15.289,Neptune-like,2014,6.08,5972200000000000000000000,0.209,11.209,0.098,0.028199865,0,Transit,G5 V,G
Kepler-275 c,6636,15.289,Neptune-like,2014,11.4,5972200000000000000000000,0.302,11.209,0.132,0.044079397,0,Transit,K0 V,K
Kepler-275 d,6636,15.289,Neptune-like,2014,11.1,5972200000000000000000000,0.297,11.209,0.224,0.097741276,0,Transit,K0 V,K
Kepler-276 b,3735,15.481,Neptune-like,2014,8.6,5972200000000000000000000,0.256,11.209,0.119,0.038603697,0,Transit,G8/K0,G
Kepler-276 d,3735,15.481,Super Earth,2013,16.3,5972200000000000000000000,0.25,11.209,0.2642,0.13305955,0,Transit,K1 IV-V,K
Kepler-278 b,1445,11.811,Neptune-like,2014,15.6,5972200000000000000000000,0.363,11.209,0.207,0.082683094,0.04,Transit,G6 V,G
Kepler-278 c,1445,11.811,Neptune-like,2014,12.6,5972200000000000000000000,0.32,11.209,0.294,0.13990417,0.51,Transit,G6 V,G
Kepler-279 b,3384,13.647,Neptune-like,2014,12.8,5972200000000000000000000,0.323,11.209,0.112,0.033675566,0,Transit,K0 IV,K
Kepler-279 d,3384,13.647,Neptune-like,2013,37.5,5972200000000000000000000,0.277,11.209,0.2901,0.14893909,0,Transit,K0 IV,K
Kepler-27 d,3407,15.822,Neptune-like,2021,7.78,5972200000000000000000000,0.241,11.209,0.0668,0.01779603,0,Transit,K1 III,K
Kepler-281 b,5694,15.931,Neptune-like,2014,8.35,5972200000000000000000000,0.252,11.209,0.117,0.039972622,0,Transit,K1 III,K
Kepler-281 c,5694,15.931,Neptune-like,2014,24.4,5972200000000000000000000,0.474,11.209,0.215,0.09938398,0,Transit,K1 III,K
Kepler-281 d,5694,15.931,Neptune-like,2021,29.5,5972200000000000000000000,0.53,11.209,0.5456,0.4060233,0,Transit,K2,K
Kepler-284 b,3366,15.944,Neptune-like,2014,5.65,5972200000000000000000000,0.2,11.209,0.104,0.034770705,0,Transit,G5 IV/V,G
Kepler-284 c,3366,15.944,Neptune-like,2014,7.32,5972200000000000000000000,0.233,11.209,0.213,0.1026694,0,Transit,K0 III/IV,K
Kepler-287 b,2727,14.952,Neptune-like,2014,6.04,5972200000000000000000000,0.208,11.209,0.145,0.05557837,0,Transit,G5 V,G
Kepler-287 c,2727,14.952,Neptune-like,2014,10.7,5972200000000000000000000,0.291,11.209,0.246,0.122929506,0,Transit,G1 V,G
Kepler-288 c,3895,15.283,Neptune-like,2014,8.5,5972200000000000000000000,0.254,11.209,0.14,0.05284052,0,Transit,G1 V,G
Kepler-288 d,3895,15.283,Neptune-like,2014,7.61,5972200000000000000000000,0.238,11.209,0.287,0.15496235,0,Transit,F8 V,F
Kepler-289 d,2298,14.142,Neptune-like,2014,4,5972200000000000000000000,0.239,11.209,0.33,0.18097194,0,Transit,G7 V,G
Kepler-290 b,2266,15.775,Neptune-like,2014,5.69,5972200000000000000000000,0.201,11.209,0.11,0.039972622,0,Transit,G7 V,G
Kepler-290 c,2266,15.775,Neptune-like,2014,7.75,5972200000000000000000000,0.241,11.209,0.205,0.100752905,0,Transit,G0V,G
Kepler-292 e,3446,16.303,Neptune-like,2014,7.61,5972200000000000000000000,0.238,11.209,0.097,0.03285421,0,Transit,F V,F
Kepler-292 f,3446,16.303,Neptune-like,2014,6.12,5972200000000000000000000,0.21,11.209,0.141,0.056947295,0,Transit,F V,F
Kepler-293 b,3179,15.452,Neptune-like,2014,9.64,5972200000000000000000000,0.274,11.209,0.144,0.05284052,0,Transit,G5,G
Kepler-293 c,3179,15.452,Neptune-like,2014,14,5972200000000000000000000,0.342,11.209,0.286,0.14839152,0,Transit,G5,G
Kepler-294 c,4427,15.948,Neptune-like,2014,7.8,5972200000000000000000000,0.242,11.209,0.071,0.018069815,0,Transit,G0 V,G
Kepler-299 c,3432,15.232,Neptune-like,2014,7.51,5972200000000000000000000,0.236,11.209,0.07,0.01889117,0,Transit,K0 III,K
Kepler-29 b,2716,15.547,Neptune-like,2011,5,5972200000000000000000000,0.227,11.209,0.0919,0.028199865,0,Transit,G2/G3 V,G
Kepler-302 b,4575,15.694,Neptune-like,2014,15.5,5972200000000000000000000,0.362,11.209,0.193,0.082683094,0,Transit,G5,G
Kepler-304 b,1418,15.065,Neptune-like,2014,8.55,5972200000000000000000000,0.255,11.209,0.039,0.009034907,0,Transit,K2 III,K
Kepler-304 d,1418,15.065,Neptune-like,2014,8,5972200000000000000000000,0.245,11.209,0.08,0.026557151,0,Transit,K0 III,K
Kepler-305 b,2833,15.851,Neptune-like,2013,10.5,5972200000000000000000000,0.321,11.209,0.0571,0.015058179,0,Transit,F6 IV,F
Kepler-305 c,2833,15.851,Neptune-like,2013,6,5972200000000000000000000,0.294,11.209,0.0752,0.022724163,0,Transit,F6 IV,F
Kepler-305 d,2833,15.851,Neptune-like,2014,9.1,5972200000000000000000000,0.242,11.209,0.121,0.045722112,0,Transit,F7 V,F
Kepler-306 c,2530,15.575,Neptune-like,2014,6.12,5972200000000000000000000,0.21,11.209,0.067,0.019712524,0,Transit,F7 V,F
Kepler-306 d,2530,15.575,Neptune-like,2014,6.66,5972200000000000000000000,0.22,11.209,0.12,0.047364816,0,Transit,K0IIIvar,K
Kepler-307 b,1878,14.149,Neptune-like,2013,7.44,5972200000000000000000000,0.217,11.209,0.0917,0.028473647,0,Transit,G5IV,G
Kepler-309 c,1776,15.418,Neptune-like,2014,6.85,5972200000000000000000000,0.224,11.209,0.401,0.28856948,0,Transit,G5IV,G
Kepler-30 b,2982,15.726,Neptune-like,2012,11.3,5972200000000000000000000,0.348,11.209,0.18,0.08021902,0.04,Transit,K4 V,K
Kepler-30 d,2982,15.726,Neptune-like,2012,23.1,5972200000000000000000000,0.785,11.209,0.5,0.392334,0.02,Transit,G9 V,G
Kepler-312 c,2602,13.01,Neptune-like,2014,10.1,5972200000000000000000000,0.281,11.209,0.153,0.053935662,0,Transit,G7 V,G
Kepler-313 b,3521,14.304,Neptune-like,2014,6.94,5972200000000000000000000,0.226,11.209,0.125,0.04106776,0,Transit,G8/K0 III,G
Kepler-313 c,3521,14.304,Neptune-like,2014,7.13,5972200000000000000000000,0.229,11.209,0.208,0.08843258,0,Transit,G2/3 V,G
Kepler-314 c,877,12.64,Neptune-like,2014,8.75,5972200000000000000000000,0.259,11.209,0.064,0.016427105,0,Transit,G5 V,G
Kepler-315 b,3786,15.546,Neptune-like,2014,13.7,5972200000000000000000000,0.336,11.209,0.402,0.26310745,0,Transit,G5 V,G
Kepler-315 c,3786,15.546,Neptune-like,2014,16.1,5972200000000000000000000,0.37,11.209,0.791,0.7268994,0,Transit,K2 III,K
Kepler-318 b,1596,13.442,Neptune-like,2014,19.9,5972200000000000000000000,0.42,11.209,0.056,0.012867898,0,Transit,G8 IV (+ G),G
Kepler-318 c,1596,13.442,Neptune-like,2014,13.1,5972200000000000000000000,0.328,11.209,0.105,0.03230664,0,Transit,G8 IV (+ G),G
Kepler-319 c,1642,13.926,Neptune-like,2014,7.41,5972200000000000000000000,0.235,11.209,0.069,0.01889117,0,Transit,F8 V,F
Kepler-319 d,1642,13.926,Neptune-like,2014,5.86,5972200000000000000000000,0.204,11.209,0.191,0.087063655,0,Transit,F8 V,F
Kepler-31 b,5430,15.496,Neptune-like,2011,25.9,5972200000000000000000000,0.491,11.209,0.16,0.05722108,0,Transit,G5 V,G
Kepler-321 c,1254,12.918,Neptune-like,2014,5.99,5972200000000000000000000,0.207,11.209,0.11,0.035865847,0,Transit,G5 IV/V,G
Kepler-324 c,1636,14.222,Neptune-like,2014,10.1,5972200000000000000000000,0.281,11.209,0.26,0.14182067,0,Transit,G2 V,G
Kepler-325 b,2685,15.175,Neptune-like,2014,8.8,5972200000000000000000000,0.26,11.209,0.053,0.012320329,0,Transit,G2 V,G
Kepler-325 c,2685,15.175,Neptune-like,2014,6.99,5972200000000000000000000,0.227,11.209,0.105,0.03504449,0,Transit,K1 III,K
Kepler-325 d,2685,15.175,Neptune-like,2014,8.2,5972200000000000000000000,0.249,11.209,0.22,0.105954826,0,Transit,K0V,K
Kepler-328 b,7219,15.794,Super Earth,2013,28.5,5972200000000000000000000,0.205,11.209,0.2199,0.095551,0,Transit,K0V,K
Kepler-328 c,7219,15.794,Gas Giant,2013,39.4,5972200000000000000000000,0.482,11.209,0.354,0.19520877,0,Transit,K0V,K
Kepler-32 d,1056,16.36,Neptune-like,2012,7.75,5972200000000000000000000,0.241,11.209,0.13,0.062422995,0,Transit,G1-1.5 V,G
Kepler-335 b,4172,14.111,Neptune-like,2014,11.4,5972200000000000000000000,0.302,11.209,0.075,0.018069815,0,Transit,G6 V,G
Kepler-335 c,4172,14.111,Neptune-like,2014,9.64,5972200000000000000000000,0.274,11.209,0.356,0.1856263,0,Transit,K1 IV,K
Kepler-336 d,2508,13.677,Neptune-like,2014,6.21,5972200000000000000000000,0.211,11.209,0.154,0.056673512,0,Transit,G5,G
Kepler-338 b,1803,12.19,Super Earth,2014,30.6,5972200000000000000000000,0.218,11.209,0.117,0.037508555,0.04,Transit,G2 V,G
Kepler-338 c,1803,12.19,Neptune-like,2014,6.08,5972200000000000000000000,0.209,11.209,0.172,0.06652977,0.03,Transit,G2 V,G
Kepler-338 d,1803,12.19,Neptune-like,2014,9.27,5972200000000000000000000,0.268,11.209,0.257,0.12156058,0.03,Transit,G5 V,G
Kepler-33 c,3944,14.099,Terrestrial,2011,0.39,5972200000000000000000000,0.285,11.209,0.1189,0.03613963,0,Transit,K0 V,K
Kepler-33 d,3944,14.099,Neptune-like,2011,3.91,5972200000000000000000000,0.477,11.209,0.1662,0.059685145,0,Transit,K0 V,K
Kepler-33 e,3944,14.099,Neptune-like,2011,5.57,5972200000000000000000000,0.359,11.209,0.2138,0.087063655,0,Transit,G6 V,G
Kepler-33 f,3944,14.099,Neptune-like,2011,9.6,5972200000000000000000000,0.398,11.209,0.2535,0.112251885,0,Transit,G6 V,G
Kepler-340 b,2638,12.329,Neptune-like,2014,6.94,5972200000000000000000000,0.226,11.209,0.134,0.04052019,0,Transit,G5,G
Kepler-340 c,2638,12.329,Neptune-like,2014,11.3,5972200000000000000000000,0.301,11.209,0.178,0.062422995,0,Transit,K4 V,K
Kepler-342 b,2550,13.2,Neptune-like,2014,5.69,5972200000000000000000000,0.201,11.209,0.128,0.04161533,0,Transit,K4 V,K
Kepler-342 d,2550,13.2,Neptune-like,2014,6.76,5972200000000000000000000,0.222,11.209,0.242,0.1081451,0,Transit,G0,G
Kepler-343 b,3025,14.063,Neptune-like,2014,6.39,5972200000000000000000000,0.215,11.209,0.088,0.024640657,0,Transit,G0,G
Kepler-344 b,3272,15.539,Neptune-like,2014,7.32,5972200000000000000000000,0.233,11.209,0.153,0.060232718,0,Transit,F9.5 V,F
Kepler-344 c,3272,15.539,Neptune-like,2014,9.01,5972200000000000000000000,0.263,11.209,0.488,0.34387407,0,Transit,G5 V,G
Kepler-346 b,3210,15.261,Neptune-like,2014,7.56,5972200000000000000000000,0.237,11.209,0.071,0.01779603,0,Transit,G5 V,G
Kepler-346 c,3210,15.261,Neptune-like,2014,9.64,5972200000000000000000000,0.274,11.209,0.168,0.065434635,0,Transit,G0,G
Kepler-350 c,3121,13.965,Neptune-like,2013,6.1,5972200000000000000000000,0.277,11.209,0.1385,0.04873374,0,Transit,G5,G
Kepler-350 d,3121,13.965,Super Earth,2013,14.9,5972200000000000000000000,0.25,11.209,0.1786,0.07145791,0,Transit,G5,G
Kepler-351 b,3536,16.229,Neptune-like,2014,4.8,5972200000000000000000000,0.273,11.209,0.214,0.10157426,0,Transit,G0,G
Kepler-351 c,3536,16.229,Neptune-like,2014,11.1,5972200000000000000000000,0.285,11.209,0.287,0.15660506,0,Transit,G6 V,G
Kepler-351 d,3536,16.229,Neptune-like,2016,7.85,5972200000000000000000000,0.243,11.209,0.5177,0.39014372,0,Transit,K1 III,K
Kepler-355 c,4672,15.242,Neptune-like,2014,7.8,5972200000000000000000000,0.242,11.209,0.179,0.07063655,0,Transit,K0 IV,K
Kepler-357 c,2246,15.735,Neptune-like,2014,7.61,5972200000000000000000000,0.238,11.209,0.12,0.046269678,0,Transit,G8 III,G
Kepler-357 d,2246,15.735,Neptune-like,2014,11.6,5972200000000000000000000,0.306,11.209,0.246,0.13552362,0,Transit,K0.5 V,K
Kepler-358 b,3592,15.516,Neptune-like,2014,7.85,5972200000000000000000000,0.243,11.209,0.21,0.09336071,0,Transit,K0.5 V,K
Kepler-358 c,3592,15.516,Neptune-like,2014,8.5,5972200000000000000000000,0.254,11.209,0.381,0.22861055,0,Transit,K0.5 V,K
Kepler-359 b,4708,15.805,Neptune-like,2014,12.2,5972200000000000000000000,0.315,11.209,0.178,0.07008898,0,Transit,G5,G
Kepler-359 c,4708,15.805,Neptune-like,2014,2.9,5972200000000000000000000,0.384,11.209,0.307,0.15797399,0,Transit,G5,G
Kepler-359 d,4708,15.805,Neptune-like,2014,2.7,5972200000000000000000000,0.358,11.209,0.372,0.21108828,0,Transit,G2,G
Kepler-361 c,3035,13.635,Neptune-like,2014,6.9,5972200000000000000000000,0.225,11.209,0.3,0.15112936,0,Transit,G5,G
Kepler-36 c,1722,11.941,Neptune-like,2012,7.13,5972200000000000000000000,0.328,11.209,0.1283,0.044353183,0,Transit,G2/G3,G
Kepler-375 c,4041,15.643,Neptune-like,2014,7.51,5972200000000000000000000,0.236,11.209,0.141,0.054757014,0,Transit,G5,G
Kepler-379 c,2385,13.475,Neptune-like,2014,5.86,5972200000000000000000000,0.204,11.209,0.326,0.17193703,0,Transit,K3 III,K
Kepler-385 b,4673,15.76,Super Earth,2014,12.8,5972200000000000000000000,0.244,11.209,0.097,0.027378507,0,Transit,K3 III,K
Kepler-385 c,4673,15.76,Neptune-like,2014,13.2,5972200000000000000000000,0.271,11.209,0.127,0.04161533,0,Transit,G0,G
Kepler-385 d,4673,15.76,Neptune-like,2020,7.36,5972200000000000000000000,0.234,11.209,0.3024,0.15441479,0,Transit,G2/3V,G
Kepler-391 b,2835,13.177,Neptune-like,2014,10.3,5972200000000000000000000,0.285,11.209,0.082,0.020260096,0,Transit,G2/3V,G
Kepler-391 c,2835,13.177,Neptune-like,2014,12.3,5972200000000000000000000,0.316,11.209,0.161,0.056125943,0,Transit,K2 V,K
Kepler-396 c,730,12.259,Neptune-like,2013,17.9,5972200000000000000000000,0.473,11.209,0.378,0.2422998,0,Transit,K0 V,K
Kepler-397 b,3161,16.357,Neptune-like,2014,6.62,5972200000000000000000000,0.219,11.209,0.144,0.06105407,0,Transit,K0 V,K
Kepler-397 c,3161,16.357,Neptune-like,2014,31.6,5972200000000000000000000,0.551,11.209,0.48,0.37097877,0,Transit,G0 V,G
Kepler-401 d,3150,13.366,Neptune-like,2016,5.77,5972200000000000000000000,0.203,11.209,0.6503,0.5045859,0,Transit,K1.5 V,K
Kepler-405 c,3474,16.181,Neptune-like,2014,19.6,5972200000000000000000000,0.416,11.209,0.188,0.08131417,0,Transit,K5 V,K
Kepler-410 A b,481,9.495,Neptune-like,2013,8.44,5972200000000000000000000,0.253,11.209,0.1226,0.04873374,0.17,Transit,F8,F
Kepler-411 c,501,12.448,Neptune-like,2016,26.4,5972200000000000000000000,0.394,11.209,0.0739,0.021355236,0.11,Transit,F8,F
Kepler-411 d,501,12.448,Neptune-like,2018,15.2,5972200000000000000000000,0.296,11.209,0.279,0.15879534,0.13,Transit,G1 V,G
Kepler-411 e,501,12.448,Neptune-like,2018,10.8,5972200000000000000000000,0.293,11.209,0.186,0.0862423,0.02,Transit Timing Variations,G1 V,G
Kepler-414 c,1349,13.378,Neptune-like,2014,29.9,5972200000000000000000000,0.269,11.209,0.0699,0.019712524,0,Transit Timing Variations,F7 V,F
Kepler-415 c,1730,16.142,Super Earth,2014,4.7,5972200000000000000000000,0.201,11.209,0.0695,0.023819301,0,Transit Timing Variations,F5,F
Kepler-416 c,2253,14.166,Neptune-like,2014,6.57,5972200000000000000000000,0.219,11.209,0.1021,0.03340178,0,Transit Timing Variations,K1 III,K
Kepler-417 b,3177,15.864,Super Earth,2014,11,5972200000000000000000000,0.206,11.209,0.1006,0.033675566,0,Transit Timing Variations,G,G
Kepler-417 c,3177,15.864,Neptune-like,2014,7.7,5972200000000000000000000,0.24,11.209,0.1194,0.043531828,0,Transit Timing Variations,K0,K
Kepler-421 b,1137,13.611,Neptune-like,2014,16.1,5972200000000000000000000,0.371,11.209,1.219,1.9,0.04,Transit,G5,G
Kepler-430 b,2993,13.908,Neptune-like,2015,10.6,5972200000000000000000000,0.29,11.209,0.2244,0.09856263,0,Transit,G0 V,G
Kepler-436 b,1921,15.971,Neptune-like,2015,7.9,5972200000000000000000000,0.24,11.209,0.339,0.17522246,0.19,Transit,G5,G
Kepler-436 c,1921,15.971,Neptune-like,2016,6.04,5972200000000000000000000,0.208,11.209,0.1158,0.04599589,0,Transit,F7 V,F
Kepler-439 b,2469,14.654,Neptune-like,2015,5.65,5972200000000000000000000,0.2,11.209,0.563,0.48761123,0.03,Transit,F7 V,F
Kepler-443 b,2617,16.207,Neptune-like,2015,6.04,5972200000000000000000000,0.21,11.209,0.495,0.4865161,0.11,Transit,G5V,G
Kepler-445 c,415,18.19,Neptune-like,2015,6.85,5972200000000000000000000,0.22,11.209,0.0301,0.013415469,0,Transit,G8 IV,G
Kepler-449 c,789,11.448,Neptune-like,2015,8.07,5972200000000000000000000,0.247,11.209,0.1979,0.092265576,0.05,Transit,G6 V,G
Kepler-450 b,1487,11.991,Neptune-like,2015,19.4,5972200000000000000000000,0.548,11.209,0.1993,0.078028746,0.02,Transit,G6 V,G
Kepler-450 c,1487,11.991,Super Earth,2015,12.5,5972200000000000000000000,0.234,11.209,0.1324,0.042162903,0.02,Transit,K3 V,K
Kepler-457 d,3498,14.411,Neptune-like,2021,9.19,5972200000000000000000000,0.266,11.209,0.0996,0.029295003,0,Transit,G2/G3 V,G
Kepler-458 c,5202,14.027,Neptune-like,2016,16.4,5972200000000000000000000,0.375,11.209,0.154,0.056673512,0,Transit,G2/G3 V,G
Kepler-460 c,4156,13.834,Neptune-like,2016,26.1,5972200000000000000000000,0.492,11.209,0.7211,0.602601,0,Transit,G2/G3 V,G
Kepler-461 b,2258,13.457,Neptune-like,2016,7.18,5972200000000000000000000,0.23,11.209,0.0821,0.022724163,0,Transit,G0 V,G
Kepler-462 c,1946,11.632,Neptune-like,2020,6,5972200000000000000000000,0.357,11.209,0.7584,0.56837785,0.11,Transit,G0 V,G
Kepler-463 b,1288,12.999,Neptune-like,2016,9.53,5972200000000000000000000,0.272,11.209,0.078,0.024640657,0,Transit,G5 V,G
Kepler-464 b,2178,12.75,Neptune-like,2016,10.9,5972200000000000000000000,0.294,11.209,0.0765,0.019986311,0,Transit,G5 V,G
Kepler-465 b,1804,12.651,Neptune-like,2016,9.01,5972200000000000000000000,0.263,11.209,0.0953,0.027104722,0,Transit,G3/G5 V,G
Kepler-466 b,1729,12.799,Neptune-like,2016,8.5,5972200000000000000000000,0.254,11.209,0.2671,0.13990417,0,Transit,K0,K
Kepler-467 b,1521,12.428,Neptune-like,2016,5.69,5972200000000000000000000,0.201,11.209,0.1651,0.06844627,0,Transit,A8 III,A
Kepler-472 b,1000,13.898,Neptune-like,2016,10.5,5972200000000000000000000,0.287,11.209,0.0483,0.011498973,0,Transit,G8/K0 IV,G
Kepler-473 b,2955,13.548,Neptune-like,2016,15.6,5972200000000000000000000,0.364,11.209,0.1186,0.039972622,0,Transit,G8/K0 IV,G
Kepler-474 b,2745,13.629,Neptune-like,2016,9.59,5972200000000000000000000,0.273,11.209,0.0606,0.015605749,0,Transit,K0,K
Kepler-475 b,914,13.512,Neptune-like,2016,6.76,5972200000000000000000000,0.222,11.209,0.0399,0.008487337,0,Transit,K0.5 V,K
Kepler-476 b,2654,14.018,Neptune-like,2016,9.69,5972200000000000000000000,0.275,11.209,0.1126,0.03832991,0,Transit,G0,G
Kepler-478 b,1370,14.156,Neptune-like,2016,7.8,5972200000000000000000000,0.242,11.209,0.1032,0.03613963,0,Transit,M1.5 V,M
Kepler-47 b,3344,15.31,Neptune-like,2012,2.07,5972200000000000000000000,0.272,11.209,0.2877,0.13552362,0.02,Transit,K0 V,K
Kepler-47 c,3344,15.31,Neptune-like,2012,3.17,5972200000000000000000000,0.415,11.209,0.9638,0.8301164,0.04,Transit,G6 V,G
Kepler-47 d,3344,15.31,Neptune-like,2019,19.02,5972200000000000000000000,0.628,11.209,0.6992,0.5130732,0.02,Transit,K2 III,K
Kepler-480 b,2765,13.23,Neptune-like,2016,8.15,5972200000000000000000000,0.248,11.209,0.0605,0.013415469,0,Transit,G5,G
Kepler-481 b,2654,14.054,Neptune-like,2016,6.8,5972200000000000000000000,0.223,11.209,0.0894,0.027652293,0,Transit,G0 V,G
Kepler-482 b,1021,14.049,Neptune-like,2016,6.17,5972200000000000000000000,0.211,11.209,0.2537,0.15441479,0,Transit,G0 V,G
Kepler-483 b,2806,13.452,Neptune-like,2016,10.4,5972200000000000000000000,0.286,11.209,0.2072,0.082683094,0,Transit,G0 V,G
Kepler-484 b,1247,13.077,Neptune-like,2016,5.82,5972200000000000000000000,0.203,11.209,0.0896,0.027378507,0,Transit,K0,K
Kepler-487 d,2846,14.882,Neptune-like,2021,8.12,5972200000000000000000000,0.248,11.209,0.0337,0.006570842,0,Transit,Be9.5/AO,B
Kepler-48 c,1001,13.174,Super Earth,2012,14.61,5972200000000000000000000,0.242,11.209,0.0845,0.026557151,0,Transit,K1 V,K
Kepler-495 b,2149,14.942,Neptune-like,2016,23.8,5972200000000000000000000,0.467,11.209,0.0427,0.009308693,0,Transit,K0 III/IV,K
Kepler-496 b,1974,15.106,Neptune-like,2016,5.99,5972200000000000000000000,0.207,11.209,0.0747,0.022724163,0,Transit,G3/G5 V,G
Kepler-497 b,4214,14.95,Neptune-like,2016,30.4,5972200000000000000000000,0.539,11.209,0.0457,0.009856262,0,Transit,G5,G
Kepler-498 b,3063,14.349,Neptune-like,2016,9.43,5972200000000000000000000,0.27,11.209,0.0897,0.026283368,0,Transit,G8/K0 IV,G
Kepler-49 b,1015,15.655,Super Earth,2012,8,5972200000000000000000000,0.243,11.209,0.05929,0.019712524,0,Transit,K0 III,K
Kepler-49 c,1015,15.655,Neptune-like,2012,5.9,5972200000000000000000000,0.227,11.209,0.07821,0.029842572,0,Transit,K2 V,K
Kepler-4 b,1592,12.285,Neptune-like,2009,24.472,5972200000000000000000000,0.357,11.209,0.0456,0.008761123,0,Transit,K0,K
Kepler-500 b,2634,14.324,Neptune-like,2016,7.18,5972200000000000000000000,0.23,11.209,0.0806,0.023271732,0,Transit,K0,K
Kepler-501 b,3671,14.886,Neptune-like,2016,17.1,5972200000000000000000000,0.384,11.209,0.0627,0.015331964,0,Transit,K2 III,K
Kepler-502 b,5190,15.136,Neptune-like,2016,20.4,5972200000000000000000000,0.426,11.209,0.0535,0.011772759,0,Transit,M0 V,M
Kepler-505 b,924,15.607,Neptune-like,2016,7.27,5972200000000000000000000,0.232,11.209,0.1445,0.075290896,0,Transit,K1 III,K
Kepler-506 b,745,11.094,Neptune-like,2016,7.9,5972200000000000000000000,0.244,11.209,0.075,0.01889117,0,Transit,G5,G
Kepler-509 b,1084,11.848,Neptune-like,2016,6.76,5972200000000000000000000,0.222,11.209,0.2384,0.11416838,0,Transit,G5,G
Kepler-510 b,1260,12.067,Neptune-like,2016,6.66,5972200000000000000000000,0.22,11.209,0.134,0.053661875,0,Transit,K0 III,K
Kepler-511 b,2127,12.711,Neptune-like,2016,33.1,5972200000000000000000000,0.567,11.209,0.8589,0.8120466,0,Transit,K1,K
Kepler-511 c,2127,12.711,Neptune-like,2021,16.5,5972200000000000000000000,0.376,11.209,0.1722,0.07282683,0,Transit,M0,M
Kepler-512 b,1525,12.728,Neptune-like,2016,7.7,5972200000000000000000000,0.24,11.209,0.2194,0.094182074,0,Transit,G5,G
Kepler-516 b,2241,12.121,Neptune-like,2016,27.9,5972200000000000000000000,0.512,11.209,0.1992,0.068172485,0,Transit,G5,G
Kepler-517 b,946,12.372,Neptune-like,2016,7.61,5972200000000000000000000,0.238,11.209,0.2897,0.16673511,0,Transit,G5,G
Kepler-51 d,2557,14.885,Neptune-like,2014,7.6,5972200000000000000000000,0.865,11.209,0.509,0.35646817,0.01,Transit,F5 V,F
Kepler-521 b,2710,12.94,Neptune-like,2016,10.2,5972200000000000000000000,0.284,11.209,0.1699,0.06078029,0,Transit,K7 V,K
Kepler-522 b,2085,12.22,Gas Giant,2016,38.2,5972200000000000000000000,0.616,11.209,0.2551,0.10568104,0,Transit,K2 V,K
Kepler-527 b,2447,13.471,Neptune-like,2016,8.45,5972200000000000000000000,0.253,11.209,0.1179,0.036413416,0,Transit,M0,M
Kepler-529 d,2606,13.779,Neptune-like,2021,8.22,5972200000000000000000000,0.249,11.209,0.2134,0.09828885,0,Transit,M0,M
Kepler-530 b,1493,13.502,Neptune-like,2016,9.32,5972200000000000000000000,0.269,11.209,0.2212,0.10759754,0,Transit,F6,F
Kepler-531 b,825,13.566,Neptune-like,2016,8.15,5972200000000000000000000,0.248,11.209,0.1694,0.081861734,0,Transit,F6,F
Kepler-532 b,1020,13.74,Neptune-like,2016,7.13,5972200000000000000000000,0.229,11.209,0.1012,0.035318274,0,Transit,F6,F
Kepler-533 b,988,14.128,Neptune-like,2016,11.4,5972200000000000000000000,0.302,11.209,0.165,0.078028746,0,Transit,F6,F
Kepler-534 b,1861,13.387,Neptune-like,2016,5.65,5972200000000000000000000,0.2,11.209,0.1272,0.043805614,0,Transit,F6,F
Kepler-535 b,2236,13.209,Neptune-like,2016,6.17,5972200000000000000000000,0.211,11.209,0.0594,0.013415469,0,Transit,K7V,K
Kepler-536 b,1508,14.032,Neptune-like,2016,9.8,5972200000000000000000000,0.277,11.209,0.0276,0.004928131,0,Transit,M0.5 Ve,M
Kepler-541 b,3460,13.383,Neptune-like,2016,11.2,5972200000000000000000000,0.3,11.209,0.0641,0.013963039,0,Transit,K5 V,K
Kepler-543 b,724,13.598,Neptune-like,2016,6.8,5972200000000000000000000,0.223,11.209,0.098,0.038056124,0,Transit,K5 V,K
Kepler-545 b,2668,14.205,Neptune-like,2016,7.7,5972200000000000000000000,0.24,11.209,0.1087,0.03613963,0,Transit,K5 V,K
Kepler-546 b,3326,14.325,Gas Giant,2016,39.1,5972200000000000000000000,0.624,11.209,0.0502,0.011225188,0,Transit,M0,M
Kepler-547 b,1236,14.48,Neptune-like,2016,15.1,5972200000000000000000000,0.357,11.209,0.058,0.016427105,0,Transit,K1 III,K
Kepler-549 b,2072,14.805,Neptune-like,2016,11,5972200000000000000000000,0.229,11.209,0.2283,0.117453806,0,Transit,K4 V,K
Kepler-549 c,2072,14.805,Neptune-like,2016,8.91,5972200000000000000000000,0.261,11.209,0.4453,0.32032853,0,Transit,K4 V,K
Kepler-550 b,1735,14.626,Neptune-like,2016,17.9,5972200000000000000000000,0.394,11.209,0.0747,0.023545519,0,Transit,K4 V,K
Kepler-551 b,1015,15.278,Neptune-like,2016,7.9,5972200000000000000000000,0.244,11.209,0.0893,0.03394935,0,Transit,K6 V,K
Kepler-552 b,2752,14.476,Neptune-like,2016,14.8,5972200000000000000000000,0.352,11.209,0.0612,0.01451061,0,Transit,G8,G
Kepler-553 b,2376,15.034,Neptune-like,2016,19.4,5972200000000000000000000,0.413,11.209,0.0484,0.010951404,0,Transit,K4 V,K
Kepler-554 b,2252,14.49,Neptune-like,2016,17,5972200000000000000000000,0.383,11.209,0.0293,0.005201916,0,Transit,K0,K
Kepler-555 b,3174,14.448,Neptune-like,2016,8.4,5972200000000000000000000,0.252,11.209,0.1201,0.044353183,0,Transit,K0,K
Kepler-556 b,2201,14.316,Neptune-like,2016,5.65,5972200000000000000000000,0.2,11.209,0.0973,0.032032855,0,Transit,A2 V,A
Kepler-557 b,6841,14.723,Neptune-like,2016,7.61,5972200000000000000000000,0.238,11.209,0.0469,0.010130048,0,Transit,K0 III,K
Kepler-558 b,2159,14.899,Neptune-like,2016,6.21,5972200000000000000000000,0.211,11.209,0.1759,0.07939767,0,Transit,G1 V,G
Kepler-559 b,2534,14.863,Neptune-like,2016,12.7,5972200000000000000000000,0.322,11.209,0.1277,0.048186176,0,Transit,K1 III,K
Kepler-561 b,2027,14.427,Gas Giant,2016,38.7,5972200000000000000000000,0.621,11.209,0.2918,0.15989049,0,Transit,K0 III,K
Kepler-561 c,2027,14.427,Neptune-like,2016,7.65,5972200000000000000000000,0.239,11.209,0.0593,0.014784395,0,Transit,K0 III,K
Kepler-562 b,3238,14.908,Neptune-like,2016,23.7,5972200000000000000000000,0.465,11.209,0.1333,0.049281314,0,Transit,K7 V,K
Kepler-563 b,1844,14.901,Neptune-like,2016,9.75,5972200000000000000000000,0.276,11.209,0.1418,0.06078029,0,Transit,M1,M
Kepler-564 b,2815,14.883,Neptune-like,2016,19.4,5972200000000000000000000,0.413,11.209,0.0484,0.010403832,0,Transit,K1 III,K
Kepler-565 b,3396,15.231,Neptune-like,2016,12.9,5972200000000000000000000,0.325,11.209,0.0501,0.011498973,0,Transit,A2 V,A
Kepler-567 b,1823,14.827,Neptune-like,2016,5.69,5972200000000000000000000,0.201,11.209,0.1229,0.04517454,0,Transit,K0 III,K
Kepler-568 b,426,15.216,Neptune-like,2016,5.73,5972200000000000000000000,0.202,11.209,0.0794,0.030116359,0,Transit,B9 V,B
Kepler-569 b,2082,14.244,Neptune-like,2016,10.1,5972200000000000000000000,0.282,11.209,0.1981,0.0936345,0,Transit,B9 V,B
Kepler-56 b,2978,12.598,Neptune-like,2012,22.1,5972200000000000000000000,0.581,11.209,0.1028,0.028747434,0.04,Transit,M3 V,M
Kepler-570 b,1853,14.451,Neptune-like,2016,6.57,5972200000000000000000000,0.219,11.209,0.0497,0.011772759,0,Transit,M,M
Kepler-571 b,2361,14.951,Neptune-like,2016,7.46,5972200000000000000000000,0.236,11.209,0.0546,0.013141684,0,Transit,K2 III/ IV,K
Kepler-572 b,1646,14.679,Neptune-like,2016,7.18,5972200000000000000000000,0.23,11.209,0.1192,0.047091037,0,Transit,K5 V,K
Kepler-573 b,2517,14.292,Neptune-like,2016,8.2,5972200000000000000000000,0.249,11.209,0.1486,0.06078029,0,Transit,K1 III,K
Kepler-574 b,2228,14.671,Neptune-like,2016,6.3,5972200000000000000000000,0.213,11.209,0.0723,0.021081451,0,Transit,G5 V,G
Kepler-575 b,2786,14.864,Neptune-like,2016,6.3,5972200000000000000000000,0.213,11.209,0.0788,0.025735795,0,Transit,G V,G
Kepler-581 b,2296,14.701,Neptune-like,2016,7.41,5972200000000000000000000,0.235,11.209,0.2259,0.11115674,0,Transit,K0 V,K
Kepler-582 b,2000,15.097,Neptune-like,2016,13.1,5972200000000000000000000,0.328,11.209,0.1254,0.05065024,0,Transit,K0 V,K
Kepler-583 b,2829,14.883,Neptune-like,2016,5.82,5972200000000000000000000,0.203,11.209,0.0689,0.01779603,0,Transit,K0/1 III,K
Kepler-584 b,6031,14.973,Neptune-like,2016,16.5,5972200000000000000000000,0.376,11.209,0.2281,0.09637235,0,Transit,A5-A6,A
Kepler-585 b,1909,14.188,Neptune-like,2016,8.4,5972200000000000000000000,0.252,11.209,0.0375,0.007665982,0,Transit,G0 V,G
Kepler-586 b,2263,14.435,Neptune-like,2016,8.2,5972200000000000000000000,0.249,11.209,0.0331,0.005749486,0,Transit,F5 V,F
Kepler-588 b,3945,14.8,Neptune-like,2016,7.41,5972200000000000000000000,0.235,11.209,0.052,0.011498973,0,Transit,G0 V,G
Kepler-589 b,1999,14.775,Neptune-like,2016,5.77,5972200000000000000000000,0.203,11.209,0.1196,0.04517454,0,Transit,G0V,G
Kepler-58 b,3162,15.086,Neptune-like,2012,35.5,5972200000000000000000000,0.248,11.209,0.0927,0.027926078,0,Transit,F6 V,F
Kepler-58 d,3162,15.086,Neptune-like,2014,8.96,5972200000000000000000000,0.262,11.209,0.236,0.109787814,0,Transit,F6 V,F
Kepler-590 b,4638,14.554,Neptune-like,2016,15.2,5972200000000000000000000,0.359,11.209,0.0647,0.01615332,0,Transit,F6 V,F
Kepler-591 b,2561,14.628,Neptune-like,2016,11.4,5972200000000000000000000,0.302,11.209,0.3554,0.22231348,0,Transit,A5 V,A
Kepler-592 b,3762,14.846,Neptune-like,2016,6.3,5972200000000000000000000,0.213,11.209,0.0397,0.007665982,0,Transit,A5 V,A
Kepler-593 b,3176,14.622,Neptune-like,2016,8.6,5972200000000000000000000,0.256,11.209,0.1508,0.05804244,0,Transit,A5 V,A
Kepler-595 b,2097,15.067,Neptune-like,2016,17.4,5972200000000000000000000,0.331,11.209,0.1582,0.06926762,0,Transit,A5,A
Kepler-599 b,1822,15.067,Neptune-like,2016,8.45,5972200000000000000000000,0.253,11.209,0.1128,0.04298426,0,Transit,F9,F
Kepler-600 b,2022,14.846,Neptune-like,2016,8.75,5972200000000000000000000,0.259,11.209,0.1536,0.06488707,0,Transit,G0 V,G
Kepler-603 b,5022,14.969,Neptune-like,2016,7.51,5972200000000000000000000,0.236,11.209,0.1502,0.057768654,0,Transit,K3,K
Kepler-603 c,5022,14.969,Neptune-like,2016,34.5,5972200000000000000000000,0.58,11.209,0.5001,0.35017112,0,Transit,K5,K
Kepler-604 b,3348,14.791,Neptune-like,2016,7.22,5972200000000000000000000,0.231,11.209,0.1735,0.070910335,0,Transit,M2.5e,M
Kepler-606 b,3964,14.895,Neptune-like,2016,11,5972200000000000000000000,0.295,11.209,0.17,0.06652977,0,Transit,K1,K
Kepler-607 c,1693,14.672,Neptune-like,2021,8.05,5972200000000000000000000,0.246,11.209,0.2122,0.108692676,0,Transit,F9 IV,F
Kepler-609 b,3477,14.96,Neptune-like,2016,11.2,5972200000000000000000000,0.299,11.209,0.0682,0.01779603,0,Transit,G8,G
Kepler-610 b,2759,14.816,Neptune-like,2016,16.3,5972200000000000000000000,0.374,11.209,0.0719,0.019164955,0,Transit,K3 V,K
Kepler-610 c,2759,14.816,Neptune-like,2016,10.9,5972200000000000000000000,0.294,11.209,0.5594,0.41587952,0,Transit,G2,G
Kepler-612 b,4715,15.191,Neptune-like,2016,8.45,5972200000000000000000000,0.253,11.209,0.0452,0.010130048,0,Transit,G2,G
Kepler-613 b,2810,14.795,Neptune-like,2016,5.86,5972200000000000000000000,0.204,11.209,0.1232,0.04325804,0,Transit,G,G
Kepler-616 b,3085,15.021,Neptune-like,2016,6.48,5972200000000000000000000,0.217,11.209,0.0927,0.027378507,0,Transit,G4,G
Kepler-616 d,3085,15.021,Neptune-like,2021,7.52,5972200000000000000000000,0.237,11.209,0.2749,0.13990417,0,Transit,M1.0 V,M
Kepler-618 b,3986,15.087,Neptune-like,2016,7.27,5972200000000000000000000,0.232,11.209,0.046,0.009856262,0,Transit,M1.0 V,M
Kepler-621 b,1269,15.22,Neptune-like,2016,5.9,5972200000000000000000000,0.205,11.209,0.031,0.007118412,0,Transit,F9,F
Kepler-626 b,2073,14.086,Neptune-like,2016,5.86,5972200000000000000000000,0.204,11.209,0.115,0.039698835,0,Transit,M0,M
Kepler-639 b,2773,13.358,Neptune-like,2016,6.26,5972200000000000000000000,0.212,11.209,0.0966,0.027926078,0,Transit,G3,G
Kepler-647 c,3549,14.067,Neptune-like,2020,15.1,5972200000000000000000000,0.357,11.209,0.1827,0.08131417,0,Transit,M1.5 V,M
Kepler-648 b,2075,14.027,Neptune-like,2016,10.5,5972200000000000000000000,0.287,11.209,0.1341,0.047638603,0,Transit,M1.5 V,M
Kepler-649 b,1676,13.556,Neptune-like,2016,5.73,5972200000000000000000000,0.202,11.209,0.1805,0.081861734,0,Transit,M1.5 V,M
Kepler-650 b,2885,13.825,Neptune-like,2016,9.06,5972200000000000000000000,0.264,11.209,0.0421,0.008213553,0,Transit,M1.5 V,M
Kepler-651 b,1662,14.233,Neptune-like,2016,6.21,5972200000000000000000000,0.211,11.209,0.1409,0.058590006,0,Transit,K5.5,K
Kepler-652 b,1287,13.618,Neptune-like,2016,6.76,5972200000000000000000000,0.222,11.209,0.0503,0.011498973,0,Transit,K5.5,K
Kepler-655 b,2455,13.568,Neptune-like,2016,7.8,5972200000000000000000000,0.242,11.209,0.2559,0.12703627,0,Transit,K5.5,K
Kepler-656 b,2904,15.549,Neptune-like,2016,9.91,5972200000000000000000000,0.278,11.209,0.0232,0.003559206,0,Transit,M3 V,M
Kepler-657 b,5519,15.404,Neptune-like,2016,12.2,5972200000000000000000000,0.314,11.209,0.1654,0.067077346,0,Transit,G8 V,G
Kepler-659 b,2357,15.758,Neptune-like,2016,6.8,5972200000000000000000000,0.223,11.209,0.1204,0.048459962,0,Transit,G8 V,G
Kepler-65 c,991,10.922,Neptune-like,2012,5.4,5972200000000000000000000,0.23,11.209,0.068,0.01615332,0.02,Transit,G8 V,G
Kepler-660 b,1854,15.559,Neptune-like,2016,7.13,5972200000000000000000000,0.229,11.209,0.0759,0.025462013,0,Transit,G8 V,G
Kepler-661 b,1744,16.016,Neptune-like,2016,9.64,5972200000000000000000000,0.274,11.209,0.0585,0.016427105,0,Transit,G8 V,G
Kepler-663 b,3468,15.881,Neptune-like,2016,7.27,5972200000000000000000000,0.232,11.209,0.0559,0.013689254,0,Transit,G8 V,G
Kepler-664 b,3947,15.663,Neptune-like,2016,7.56,5972200000000000000000000,0.237,11.209,0.0374,0.006844627,0,Transit,K0 V,K
Kepler-665 b,1999,15.612,Neptune-like,2016,7.27,5972200000000000000000000,0.232,11.209,0.1148,0.043805614,0,Transit,M0,M
Kepler-666 b,4921,15.422,Neptune-like,2016,6.35,5972200000000000000000000,0.214,11.209,0.0542,0.012320329,0,Transit,G6 V,G
Kepler-667 b,7511,15.362,Neptune-like,2016,20.1,5972200000000000000000000,0.422,11.209,0.2288,0.113347024,0,Transit,K7 V,K
Kepler-668 b,2559,15.365,Neptune-like,2016,7.75,5972200000000000000000000,0.241,11.209,0.0768,0.022997946,0,Transit,K7 V,K
Kepler-669 b,6731,15.742,Neptune-like,2016,20.8,5972200000000000000000000,0.431,11.209,0.0529,0.011225188,0,Transit,M3.0 V,M
Kepler-66 b,3924,15.29,Neptune-like,2013,8.25,5972200000000000000000000,0.25,11.209,0.1352,0.04873374,0,Transit,M3.0 V,M
Kepler-676 b,963,17.15,Neptune-like,2016,9.48,5972200000000000000000000,0.271,11.209,0.0798,0.03175907,0,Transit,M1.0 V,M
Kepler-677 b,6374,15.504,Neptune-like,2016,25,5972200000000000000000000,0.48,11.209,0.067,0.018069815,0,Transit,G8,G
Kepler-678 b,5957,15.161,Neptune-like,2016,23.1,5972200000000000000000000,0.459,11.209,0.0732,0.019986311,0,Transit,M2.5 V,M
Kepler-679 b,3008,15.771,Neptune-like,2016,9.32,5972200000000000000000000,0.269,11.209,0.0983,0.03394935,0,Transit,M1.5 V,M
Kepler-67 b,3690,16.172,Neptune-like,2013,8.96,5972200000000000000000000,0.262,11.209,0.1171,0.04298426,0,Transit,M0.0 V,M
Kepler-680 b,4868,15.321,Neptune-like,2016,6.44,5972200000000000000000000,0.216,11.209,0.0469,0.010130048,0,Transit,M3.0 V,M
Kepler-681 b,2241,15.584,Neptune-like,2016,9.69,5972200000000000000000000,0.275,11.209,0.1635,0.07227926,0,Transit,M0.0 V,M
Kepler-684 b,5647,15.695,Neptune-like,2016,11.2,5972200000000000000000000,0.3,11.209,0.064,0.018617386,0,Transit,M0.0 V,M
Kepler-687 b,2067,15.695,Neptune-like,2016,12.2,5972200000000000000000000,0.314,11.209,0.1326,0.056125943,0,Transit,K7,K
Kepler-689 b,3692,15.938,Neptune-like,2016,8.7,5972200000000000000000000,0.258,11.209,0.1449,0.061327856,0,Transit,K7,K
Kepler-68 b,470,10.077,Neptune-like,2013,7.65,5972200000000000000000000,0.21,11.209,0.0617,0.014784395,0,Transit,K7,K
Kepler-698 b,6510,15.716,Neptune-like,2016,13.1,5972200000000000000000000,0.328,11.209,0.1255,0.044626966,0,Transit,K3 V,K
Kepler-69 b,2383,13.866,Neptune-like,2013,5.65,5972200000000000000000000,0.2,11.209,0.094,0.037508555,0.16,Transit,K3 V,K
Kepler-715 b,4330,15.204,Neptune-like,2016,13.5,5972200000000000000000000,0.335,11.209,0.0933,0.027378507,0,Transit,F7 V,F
Kepler-721 b,3023,15.963,Neptune-like,2016,7.46,5972200000000000000000000,0.236,11.209,0.0583,0.014784395,0,Transit,K7,K
Kepler-739 b,4471,15.711,Neptune-like,2016,11,5972200000000000000000000,0.296,11.209,0.1054,0.034223136,0,Transit,M2.5 V,M
Kepler-740 b,4704,16.022,Neptune-like,2016,18.9,5972200000000000000000000,0.408,11.209,0.0462,0.009856262,0,Transit,M2.5 V,M
Kepler-741 b,5421,15.186,Neptune-like,2016,9.11,5972200000000000000000000,0.265,11.209,0.0744,0.019164955,0,Transit,K2 V,K
Kepler-782 b,1458,12.843,Neptune-like,2016,10.4,5972200000000000000000000,0.286,11.209,0.5444,0.4344969,0,Transit,G9 V,G
Kepler-783 c,1683,14.153,Neptune-like,2020,6.04,5972200000000000000000000,0.208,11.209,0.0684,0.01943874,0,Transit,G9 V,G
Kepler-786 b,1583,15.253,Neptune-like,2016,6.48,5972200000000000000000000,0.217,11.209,0.2548,0.14647502,0,Transit,G9 V,G
Kepler-82 e,2950,15.131,Neptune-like,2014,6.66,5972200000000000000000000,0.22,11.209,0.063,0.01615332,0,Transit,M0.0,M
Kepler-82 f,2950,15.131,Neptune-like,2019,20.9,5972200000000000000000000,0.432,11.209,0.3395,0.20725529,0,Transit Timing Variations,M0.0,M
Kepler-841 b,3259,15.791,Neptune-like,2016,23.8,5972200000000000000000000,0.467,11.209,0.479,0.34058863,0,Transit,K5 V,K
Kepler-857 b,3208,15.167,Neptune-like,2016,37.2,5972200000000000000000000,0.607,11.209,0.3751,0.23381247,0,Transit,M0 V,M
Kepler-873 b,3856,15.052,Neptune-like,2016,13.5,5972200000000000000000000,0.335,11.209,0.1542,0.05639973,0,Transit,G9,G
Kepler-874 b,3530,14.822,Neptune-like,2016,14.7,5972200000000000000000000,0.352,11.209,0.2234,0.109787814,0,Transit,G9,G
Kepler-880 b,1962,11.845,Neptune-like,2016,7.56,5972200000000000000000000,0.237,11.209,0.0915,0.021081451,0,Transit,K3,K
Kepler-885 b,2125,12.948,Neptune-like,2016,6.8,5972200000000000000000000,0.223,11.209,0.1432,0.0495551,0,Transit,K3,K
Kepler-891 b,7635,15.386,Neptune-like,2016,33.6,5972200000000000000000000,0.572,11.209,0.2881,0.14620124,0,Transit,K3,K
Kepler-892 b,1862,15.967,Neptune-like,2016,8.3,5972200000000000000000000,0.251,11.209,0.1015,0.03778234,0,Transit,F9 V,F
Kepler-893 b,4194,15.347,Neptune-like,2016,9.43,5972200000000000000000000,0.27,11.209,0.0699,0.017248461,0,Transit,G2 V,G
Kepler-894 b,3793,15.686,Neptune-like,2016,8.15,5972200000000000000000000,0.248,11.209,0.0916,0.026830938,0,Transit,M3.0 V,M
Kepler-896 b,7617,15.457,Neptune-like,2016,6.94,5972200000000000000000000,0.226,11.209,0.5164,0.39561945,0,Transit,M3.0 V,M
Kepler-897 b,4956,15.177,Neptune-like,2016,6.3,5972200000000000000000000,0.213,11.209,0.077,0.021902807,0,Transit,M3.0 V,M
Kepler-899 b,4066,15.713,Neptune-like,2016,7.65,5972200000000000000000000,0.239,11.209,0.1392,0.052566737,0,Transit,G9 V,G
Kepler-902 b,3801,14.992,Neptune-like,2016,6.99,5972200000000000000000000,0.227,11.209,0.223,0.109787814,0,Transit,G9 V,G
Kepler-903 c,4466,14.856,Neptune-like,2016,6.94,5972200000000000000000000,0.226,11.209,0.302,0.17221081,0,Transit,M0.5 V,M
Kepler-90d,2767,13.883,Neptune-like,2013,8.6,5972200000000000000000000,0.256,11.209,0.32,0.16344969,0,Transit,M0.5 V,M
Kepler-926 b,3005,14.431,Neptune-like,2016,5.95,5972200000000000000000000,0.206,11.209,0.2739,0.14264202,0,Transit,M4.5 V,M
Kepler-94 b,626,13.071,Neptune-like,2014,10.84,5972200000000000000000000,0.313,11.209,0.03106,0.006844627,0,Transit,M1.0 V,M
Kepler-951 b,1248,14.841,Neptune-like,2016,26.7,5972200000000000000000000,0.499,11.209,0.3091,0.19575633,0,Transit,F6 V,F
Kepler-953 b,845,11.871,Neptune-like,2016,16.5,5972200000000000000000000,0.376,11.209,0.392,0.24202602,0,Transit,G7 IV/V,G
Kepler-954 b,704,13.095,Neptune-like,2016,5.99,5972200000000000000000000,0.207,11.209,0.118,0.04599589,0,Transit,G9 V,G
Kepler-955 b,1795,14.734,Neptune-like,2016,9.96,5972200000000000000000000,0.279,11.209,0.1083,0.039698835,0,Transit,M2.5 V,M
Kepler-956 b,1778,13.387,Neptune-like,2016,9.27,5972200000000000000000000,0.268,11.209,0.0596,0.014236824,0,Transit,M2.5 V,M
Kepler-957 b,2690,15.833,Neptune-like,2016,25.9,5972200000000000000000000,0.491,11.209,0.0559,0.01615332,0,Transit,G8 V,G
Kepler-990 b,2617,14.716,Neptune-like,2016,7.27,5972200000000000000000000,0.232,11.209,0.0883,0.027104722,0,Transit,M4,M
Kepler-9 c,2049,13.922,Neptune-like,2010,29.9,5972200000000000000000000,0.721,11.209,0.227,0.10677618,0.07,Transit,K2 V,K
KIC 5437945 b,4156,13.834,Neptune-like,2015,33.6,5972200000000000000000000,0.571,11.209,1.1455,1.2068446,0,Transit,K2 V,K
KOI-142 b,1229,13.209,Neptune-like,2013,9.5,5972200000000000000000000,0.307,11.209,0.098,0.029842572,0.06,Transit,M V,M
KOI-1783.02,2824,13.978,Neptune-like,2020,15,5972200000000000000000000,0.485,11.209,0.8453,0.7780972,0,Transit,M V,M
KOI-1833 d,947,14.626,Super Earth,2021,11.02,5972200000000000000000000,0.23,11.209,0.0634,0.021081451,0,Transit,G6 V,G
KOI-94 c,1556,12.314,Neptune-like,2013,15.6,5972200000000000000000000,0.385,11.209,0.1013,0.028473647,0.43,Transit,G7 V,G
KOI-94 e,1556,12.314,Neptune-like,2013,35,5972200000000000000000000,0.585,11.209,0.3046,0.1486653,0.02,Transit,G2,G
KOI-984 b,824,12.795,Neptune-like,2022,17.1,5972200000000000000000000,0.384,11.209,0.0504,0.011772759,0.12,Transit,M(3.5+/-0.5) V,M
OGLE-2007-BLG-368L b,19246,17.71,Neptune-like,2009,20,5972200000000000000000000,0.421,11.209,2.8,5.9,0,Gravitational Microlensing,M3.3,M
TCP J05074264+2447555 b,1647,14.243,Neptune-like,2018,20,5972200000000000000000000,0.421,11.209,0.94,1.1863108,0,Gravitational Microlensing,F,F
TOI-1231 b,90,12.36,Neptune-like,2021,15.4,5972200000000000000000000,0.326,11.209,0.1288,0.066255994,0.09,Transit,K4 V,K
TOI-1246 b,553,11.632,Neptune-like,2022,8.1,5972200000000000000000000,0.269,11.209,0.049,0.011772759,0,Transit,K4 V,K
TOI-132 b,534,11.197,Neptune-like,2020,22.4,5972200000000000000000000,0.305,11.209,0.026,0.005749486,0.06,Transit,K2 V,K
TOI-1338 b,1302,11.722,Neptune-like,2020,33,5972200000000000000000000,0.611,11.209,0.4607,0.2606434,0.09,Transit,K2 V,K
TOI-178 d,205,11.955,Neptune-like,2021,3.01,5972200000000000000000000,0.229,11.209,0.0592,0.018069815,0,Transit,G3 V,G
TOI-178 f,205,11.955,Super Earth,2021,7.72,5972200000000000000000000,0.204,11.209,0.1039,0.04161533,0,Transit,G3 V,G
TOI-178 g,205,11.955,Neptune-like,2021,3.94,5972200000000000000000000,0.256,11.209,0.1275,0.056673512,0,Transit,G3 V,G
TOI-216.02,580,12.324,Neptune-like,2019,18.75188,5972200000000000000000000,0.714,11.209,0.1293,0.047091037,0.16,Transit,G3,G
TOI-2196 b,848,12.297,Neptune-like,2022,26,5972200000000000000000000,0.313,11.209,0.02234,0.003285421,0,Transit,G3,G
TOI-277 b,211,13.632,Neptune-like,2022,7.51,5972200000000000000000000,0.236,11.209,0.0269,0.010951404,0,Transit,G2 V,G
TOI-3884 b,141,15.744,Neptune-like,2022,16.5,5972200000000000000000000,0.535,11.209,0.0354,0.012320329,0.32,Transit,G2 V,G
TOI-4479 b,263,15.18,Neptune-like,2022,8.35,5972200000000000000000000,0.252,11.209,0.0164,0.003285421,0,Transit,M4 V,M
TOI-451 c,404,10.939,Neptune-like,2020,9.8,5972200000000000000000000,0.277,11.209,0.0823,0.025188226,0,Transit,M4 V,M
TOI-451 d,404,10.939,Neptune-like,2020,15.6,5972200000000000000000000,0.363,11.209,0.1208,0.044900753,0,Transit,M4 V,M
TOI-561 d,280,10.252,Super Earth,2020,11.95,5972200000000000000000000,0.226,11.209,0.1569,0.07008898,0.05,Transit,G8,G
TOI-561 e,280,10.252,Super Earth,2020,16,5972200000000000000000000,0.238,11.209,0.3274,0.21136208,0.06,Transit,G3,G
TOI-561 f,280,10.252,Neptune-like,2020,3,5972200000000000000000000,0.207,11.209,0.1174,0.044626966,0,Transit,G3,G
TOI-674 b,150,14.203,Neptune-like,2021,23.6,5972200000000000000000000,0.468,11.209,0.025,0.005475702,0,Transit,G4,G
TOI-700 c,102,13.151,Neptune-like,2020,7.27,5972200000000000000000000,0.232,11.209,0.0929,0.044079397,0.07,Transit,G7,G
TOI-712 c,191,10.838,Neptune-like,2022,7.76,5972200000000000000000000,0.241,11.209,0.2447,0.14154689,0.09,Transit,G3,G
TOI-763 c,310,10.265,Neptune-like,2020,9.32,5972200000000000000000000,0.235,11.209,0.1011,0.033675566,0.04,Transit,K0,K
TOI-813 b,858,10.358,Neptune-like,2020,36.4,5972200000000000000000000,0.599,11.209,0.423,0.22970569,0,Transit,K0,K
TOI-824 b,209,11.314,Super Earth,2020,18.467,5972200000000000000000000,0.261,11.209,0.02177,0.003832991,0,Transit,G9,G
TOI-849 b,736,11.981,Gas Giant,2020,39.09,5972200000000000000000000,0.307,11.209,0.01598,0.002190281,0,Transit,G9,G
TOI-969 b,252,11.646,Neptune-like,2022,9.1,5972200000000000000000000,0.247,11.209,0.02636,0.004928131,0,Transit,G7,G
V1298 Tauri c,353,10.115,Neptune-like,2019,26.7,5972200000000000000000000,0.499,11.209,0.0825,0.022450376,0.43,Transit,G2,G
V1298 Tauri d,353,10.115,Neptune-like,2019,33.6,5972200000000000000000000,0.572,11.209,0.1083,0.03394935,0.21,Transit,G2,G
WASP-107 b,211,11.592,Neptune-like,2017,30.5,5972200000000000000000000,0.94,11.209,0.055,0.015605749,0.06,Transit,F9,F
WASP-166 b,372,9.351,Neptune-like,2019,32.10083,5972200000000000000000000,0.63,11.209,0.0641,0.014784395,0,Transit,M3,M
WASP-47 d,864,11.936,Neptune-like,2015,14.2,5972200000000000000000000,0.318,11.209,0.085,0.024640657,0.01,Transit,K7,K
Wolf 1061 d,14,10.1,Neptune-like,2015,7.7,5972200000000000000000000,0.24,11.209,0.47,0.5946612,0.55,Radial Velocity,G2,G
11 Comae Berenices b,304,4.72307,Gas Giant,2007,19.4,1898130000000000000000000000,1.08,11.209,1.29,0.8925394,0.23,Radial Velocity,G4,G
11 Ursae Minoris b,409,5.013,Gas Giant,2009,14.74,1898130000000000000000000000,1.09,11.209,1.53,1.4,0.08,Radial Velocity,M1,M
14 Andromedae b,246,5.23133,Gas Giant,2008,4.8,1898130000000000000000000000,1.15,11.209,0.83,0.5086927,0,Radial Velocity,K0,K
14 Herculis b,58,6.61935,Gas Giant,2002,8.13881,1898130000000000000000000000,1.12,11.209,2.773069,4.8,0.37,Radial Velocity,G4,G
16 Cygni B b,69,6.215,Gas Giant,1996,1.78,1898130000000000000000000000,1.2,11.209,1.66,2.2,0.68,Radial Velocity,G4,G
17 Scorpii b,408,5.22606,Gas Giant,2020,4.32,1898130000000000000000000000,1.15,11.209,1.45,1.6,0.06,Radial Velocity,G4,G
18 Delphini b,249,5.51048,Gas Giant,2008,10.3,1898130000000000000000000000,1.11,11.209,2.6,2.7,0.08,Radial Velocity,G7,G
1RXS J160929.1-210524 b,454,12.618,Gas Giant,2008,8,1898130000000000000000000000,1.664,11.209,330,6505.9,0,Direct Imaging,G4,G
2MASS J12073346-3932539 b,210,20.15,Gas Giant,2004,5,1898130000000000000000000000,1.15,11.209,55,2885.9,0,Direct Imaging,M V,M
51 Pegasi b,50,5.45309,Gas Giant,1995,0.46,1898130000000000000000000000,1.27,11.209,0.0527,0.011498973,0.01,Radial Velocity,K7.5 V,K
55 Cancri b,41,5.95084,Gas Giant,1996,0.8306,1898130000000000000000000000,1.24,11.209,0.1134,0.040246405,0,Radial Velocity,K7.5 V,K
AB Pictoris b,163,9.13,Gas Giant,2005,13.5,1898130000000000000000000000,1.1,11.209,260,4421.7,0,Direct Imaging,G4 V,G
BD+63 1405 b,124,8.96,Gas Giant,2021,3.96,1898130000000000000000000000,1.16,11.209,2.06,3.3,0.88,Radial Velocity,K3 V,K
Beta Cancri b,290,3.51012,Gas Giant,2014,7.8,1898130000000000000000000000,1.12,11.209,1.7,1.7,0.08,Radial Velocity,K3 V,K
CoRoT-16 b,2389,16.052,Gas Giant,2011,0.535,1898130000000000000000000000,1.17,11.209,0.0618,0.014784395,0.33,Transit,M2.5 V,M
CoRoT-1 b,2570,13.623,Gas Giant,2008,1.03,1898130000000000000000000000,1.49,11.209,0.02752,0.004106776,0,Transit,M3.0,M
CoRoT-20 c,2753,14.63,Gas Giant,2018,17,1898130000000000000000000000,1.09,11.209,2.9,4.6,0.6,Radial Velocity,F8 V,F
CoRoT-21 b,4563,16.058,Gas Giant,2012,2.26,1898130000000000000000000000,1.3,11.209,0.0417,0.007392197,0,Transit,G0 IV,G
CoRoT-25 b,3600,14.79,Gas Giant,2013,0.27,1898130000000000000000000000,1.08,11.209,0.0578,0.013415469,0,Transit,G0 V,G
CoRoT-26 b,3409,15.861,Gas Giant,2013,0.52,1898130000000000000000000000,1.26,11.209,0.0526,0.011498973,0,Transit,G8/K0 IV,G
CoRoT-28 b,2499,13.783,Gas Giant,2015,0.484,1898130000000000000000000000,0.955,11.209,0.0603,0.014236824,0.05,Transit,G4,G
CoRoT-2 b,696,12.516,Gas Giant,2008,3.47,1898130000000000000000000000,1.466,11.209,0.02798,0.004654347,0.01,Transit,F7 V,F
CoRoT-30 b,3367,15.571,Gas Giant,2020,2.9,1898130000000000000000000000,1.009,11.209,0.0844,0.024914443,0.01,Transit,A,A
CoRoT-31 b,6543,15.479,Gas Giant,2020,0.84,1898130000000000000000000000,1.46,11.209,0.0586,0.012594113,0.02,Transit,F4 V,F
CoRoT-35 b,3664,15.635,Gas Giant,2022,1.1,1898130000000000000000000000,1.68,11.209,0.0429,0.008761123,0,Transit,A8 V,A
CoRoT-36 b,3020,13.126,Gas Giant,2022,0.68,1898130000000000000000000000,1.41,11.209,0.066,0.015331964,0,Transit,F8,F
CoRoT-3 b,2508,13.448,Gas Giant,2008,21.66,1898130000000000000000000000,1.01,11.209,0.05783,0.011772759,0,Transit,A2 V,A
CoRoT-4 b,2370,13.652,Gas Giant,2008,0.72,1898130000000000000000000000,1.19,11.209,0.09,0.025188226,0,Transit,A8 V,A
CoRoT-5 b,2879,14.043,Gas Giant,2009,0.467,1898130000000000000000000000,1.388,11.209,0.04947,0.010951404,0.09,Transit,G2 V,G
CoRoT-6 b,2105,13.961,Gas Giant,2009,2.96,1898130000000000000000000000,1.166,11.209,0.0855,0.02436687,0.1,Transit,F7,F
CoRoT-9 b,1347,13.637,Gas Giant,2009,0.84,1898130000000000000000000000,1.066,11.209,0.4021,0.2609172,0.13,Transit,F,F
CoRoTID 223977153 b,1881,13.626,Gas Giant,2017,0.15,1898130000000000000000000000,0.57,11.209,0.071,0.0183436,0,Transit,F8,F
CT Chamaleontis b,622,12.335,Gas Giant,2007,17,1898130000000000000000000000,2.2,11.209,440,0.99931556,0,Direct Imaging,F8,F
DE Canum Venaticorum b,100,12.956,Gas Giant,2018,12.0293,1898130000000000000000000000,1.1,11.209,5.75,11.2,0,Eclipse Timing Variations,F,F
DH Tauri b,440,13.98,Gas Giant,2004,11,1898130000000000000000000000,2.7,11.209,330,10441.5,0,Direct Imaging,B9.5-A0,B
Epsilon Indi A b,12,4.69,Gas Giant,2019,3.25,1898130000000000000000000000,1.17,11.209,11.55,45.2,0.26,Radial Velocity,F7 V,F
Gaia-2 b,683,11.277,Gas Giant,2022,0.817,1898130000000000000000000000,1.322,11.209,0.0467,0.010130048,0,Transit,A,A
GSC 06214-00210 b,354,12.416,Gas Giant,2010,16,1898130000000000000000000000,1.8,11.209,320,6037.4,0,Direct Imaging,M,M
HAT-P-36 b,960,12.146,Gas Giant,2011,1.8482,1898130000000000000000000000,1.277,11.209,0.0241,0.003559206,0.06,Transit,K,K
HAT-P-37 b,1274,13.427,Gas Giant,2011,1.169,1898130000000000000000000000,1.178,11.209,0.0379,0.007665982,0.06,Transit,M V,M
HAT-P-38 b,832,12.525,Gas Giant,2012,0.267,1898130000000000000000000000,0.825,11.209,0.0523,0.012594113,0.07,Transit,M V,M
HAT-P-50 b,1681,11.703,Gas Giant,2015,1.35,1898130000000000000000000000,1.288,11.209,0.0453,0.008487337,0.115,Transit,G5 V,G
HAT-P-52 b,1178,14.107,Gas Giant,2015,0.818,1898130000000000000000000000,1.009,11.209,0.03694,0.007665982,0.047,Transit,G6 V,G
HAT-P-53 b,2175,13.78,Gas Giant,2015,1.484,1898130000000000000000000000,1.318,11.209,0.03159,0.005475702,0.134,Transit,G6 V,G
HAT-P-70 b,1079,9.47,Gas Giant,2019,6.78,1898130000000000000000000000,1.87,11.209,0.04739,0.007392197,0,Transit,B,B
HAT-P-7 b,1113,10.481,Gas Giant,2008,1.84,1898130000000000000000000000,1.51,11.209,0.03676,0.006023272,0,Transit,B,B
HAT-P-9 b,1485,12.344,Gas Giant,2008,0.749,1898130000000000000000000000,1.393,11.209,0.05287,0.010677618,0.08,Transit,K6 V,K
HATS-16 b,2469,13.957,Gas Giant,2016,3.27,1898130000000000000000000000,1.3,11.209,0.03744,0.007392197,0,Transit,K1 V,K
HATS-17 b,1306,12.402,Gas Giant,2016,1.338,1898130000000000000000000000,0.777,11.209,0.1308,0.044626966,0.03,Transit,M2.0V,M
HATS-36 b,2794,14.364,Gas Giant,2018,3.216,1898130000000000000000000000,1.153,11.209,0.0523,0.011498973,0.11,Transit,G3 IV,G
HATS-39 b,2866,12.745,Gas Giant,2018,0.63,1898130000000000000000000000,1.57,11.209,0.06007,0.012594113,0.275,Transit,G3 IV,G
HD 149026 b,247,8.15,Gas Giant,2005,0.38,1898130000000000000000000000,0.74,11.209,0.04364,0.007939767,0,Radial Velocity,M0 V,M
HD 149143 b,239,7.89,Gas Giant,2005,1.33,1898130000000000000000000000,1.22,11.209,0.053,0.011225188,0.02,Radial Velocity,M0 V,M
HD 149806 b,66,7.08308,Gas Giant,2022,12.2018,1898130000000000000000000000,1.1,11.209,12.278296,45.3,0.36,Radial Velocity,M0 V,M
HD 164922 b,72,7.01227,Gas Giant,2005,0.36497,1898130000000000000000000000,1.19,11.209,2.16,3.3,0.08,Radial Velocity,F8 V,F
HD 165155 b,207,9.36,Gas Giant,2016,2.89,1898130000000000000000000000,1.18,11.209,1.13,1.1895962,0.2,Radial Velocity,F8 V,F
HD 183263 b,177,7.86,Gas Giant,2004,3.46739,1898130000000000000000000000,1.17,11.209,1.459291,1.7,0.38,Radial Velocity,M0 V,M
HD 183263 c,177,7.86,Gas Giant,2008,9.31015,1898130000000000000000000000,1.12,11.209,5.581571,12.8,0.05,Radial Velocity,M0 V,M
HD 21411 b,95,7.88,Gas Giant,2019,0.20734,1898130000000000000000000000,0.85,11.209,0.362,0.23080082,0.4,Radial Velocity,M1 V,M
HD 214823 b,331,8.06,Gas Giant,2016,19.59946,1898130000000000000000000000,1.08,11.209,3.078036,5.1,0.16,Radial Velocity,M1 V,M
HD 27442 b,60,4.44,Gas Giant,2000,1.56,1898130000000000000000000000,1.21,11.209,1.271,1.172074,0.06,Radial Velocity,G4 V,G
HD 27631 b,164,8.26,Gas Giant,2012,1.494,1898130000000000000000000000,1.21,11.209,3.242,6,0.14,Radial Velocity,G4 V,G
HD 27894 b,143,9.36,Gas Giant,2005,0.61939,1898130000000000000000000000,1.26,11.209,0.125367,0.049281314,0.05,Radial Velocity,G4 V,G
HD 73267 b,164,8.9,Gas Giant,2008,4.17014,1898130000000000000000000000,1.16,11.209,2.227469,3.4,0.26,Radial Velocity,M1 V,M
HD 73267 c,164,8.9,Gas Giant,2022,5.40071,1898130000000000000000000000,1.14,11.209,12.621165,46.8,0.09,Radial Velocity,M1 V,M
HD 73526 b,317,8.99,Gas Giant,2002,3.08,1898130000000000000000000000,1.17,11.209,0.65,0.5155373,0.19,Radial Velocity,M1 V,M
HD 73526 c,317,8.99,Gas Giant,2005,2.25,1898130000000000000000000000,1.19,11.209,1.03,1.0379193,0.28,Radial Velocity,M1 V,M
Kepler-27 c,3407,15.822,Gas Giant,2011,13.8,1898130000000000000000000000,0.437,11.209,0.191,0.08569473,0,Transit,M0 V,M
Kepler-282 d,4363,15.444,Super Earth,2013,0.192,1898130000000000000000000000,0.219,11.209,0.154,0.0678987,0,Transit,M0 V,M
Kepler-470 b,3033,13.282,Gas Giant,2016,112,1898130000000000000000000000,1.288,11.209,0.2322,0.06762492,0,Transit,M0 V,M
Kepler-471 b,4076,13.767,Gas Giant,2016,117,1898130000000000000000000000,1.335,11.209,0.0626,0.013689254,0,Transit,M0 V,M
KOI-984 c,824,12.795,Gas Giant,2022,0.6601,1898130000000000000000000000,1.25,11.209,0.1467,0.058863793,0.38,Transit Timing Variations,K4,K
KPS-1 b,857,12.97,Gas Giant,2018,1.09,1898130000000000000000000000,1.03,11.209,0.0269,0.004654347,0,Transit,K4,K
Lupus-TR-3 b,2523,19.6202,Gas Giant,2007,0.81,1898130000000000000000000000,0.89,11.209,0.0464,0.010677618,0,Transit,K4,K
MASCARA-1 b,595,8.28,Gas Giant,2017,3.7,1898130000000000000000000000,1.597,11.209,0.040352,0.005749486,0,Transit,K4,K
NGTS-24 b,2228,13.214,Gas Giant,2022,0.52,1898130000000000000000000000,1.214,11.209,0.0479,0.009582478,0,Transit,G2 V,G
TrES-3 b,755,12.362,Gas Giant,2007,1.91,1898130000000000000000000000,1.336,11.209,0.02282,0.003559206,0,Transit,M1,M
TrES-4 b,1683,11.932,Gas Giant,2007,0.78,1898130000000000000000000000,1.61,11.209,0.05084,0.009856262,0,Transit,M1,M
TrES-5 b,1175,13.677,Gas Giant,2011,1.79,1898130000000000000000000000,1.194,11.209,0.02459,0.004106776,0.03,Transit,M1,M
TYC 0434-04538-1 b,2001,10.247,Gas Giant,2021,6.1,1898130000000000000000000000,1.14,11.209,0.66,0.5289528,0.08,Radial Velocity,M1,M
TYC 1422-614-1 b,2193,10.193,Gas Giant,2014,2.5,1898130000000000000000000000,1.18,11.209,0.69,0.5431896,0.06,Radial Velocity,M1,M
XO-3 b,695,9.854,Gas Giant,2007,7.29,1898130000000000000000000000,1.41,11.209,0.0476,0.008761123,0.29,Transit,M1 V,M
XO-4 b,889,10.814,Gas Giant,2008,1.42,1898130000000000000000000000,1.25,11.209,0.05524,0.011225188,0,Transit,M1 V,M
EPIC 201841433 b,1424,14.983,Super Earth,2019,1.12,5972200000000000000000000,1.04,1,0.035,0.011498973,0,Transit,G5 V,G
EPIC 249893012 b,1048,11.429,Super Earth,2020,8.75,5972200000000000000000000,1.95,1,0.047,0.009856262,0.06,Transit,M1 V,M
GJ 3090 b,73,11.403,Neptune-like,2022,3.34,5972200000000000000000000,2.13,1,0.03165,0.007939767,0.32,Transit,M1 V,M
GJ 3138 b,93,10.8275,Super Earth,2017,1.78,5972200000000000000000000,1.18,1,0.0197,0.003285421,0.19,Radial Velocity,M1 V,M
GJ 357 c,31,10.91,Super Earth,2019,3.4,5972200000000000000000000,1.66,1,0.061,0.024914443,0,Radial Velocity,M0 V,M
GJ 367 b,31,10.153,Terrestrial,2021,0.546,5972200000000000000000000,0.718,1,0.0071,0.000821355,0,Transit,M0 V,M
GJ 3929 b,52,12.675,Super Earth,2022,1.75,5972200000000000000000000,1.09,1,0.0252,0.007118412,0,Transit,M0 V,M
GJ 393 b,23,9.65,Super Earth,2021,1.71,5972200000000000000000000,1.17,1,0.05402,0.019164955,0,Radial Velocity,M0 V,M
GJ 3998 b,59,10.844,Super Earth,2016,2.47,5972200000000000000000000,1.38,1,0.029,0.007118412,0,Radial Velocity,M1 V,M
GJ 411 b,19,7.49,Super Earth,2019,2.69,5972200000000000000000000,1.45,1,0.07879,0.035318274,0.06,Radial Velocity,M1 V,M
HD 20794 b,20,4.26,Super Earth,2011,2.7,5972200000000000000000000,1.45,1,0.1207,0.050102666,0,Radial Velocity,M2 V,M
HD 20794 c,20,4.26,Super Earth,2011,2.4,5972200000000000000000000,1.35,1,0.2036,0.109787814,0,Radial Velocity,M2 V,M
HD 20794 d,20,4.26,Super Earth,2011,4.8,5972200000000000000000000,2.04,1,0.3499,0.24722794,0,Radial Velocity,M2 V,M
HD 219134 f,21,5.56911,Super Earth,2015,7.3,5972200000000000000000000,1.31,1,0.1463,0.062149215,0.15,Radial Velocity,M0 V,M
HD 22496 b,44,8.57,Neptune-like,2021,5.57,5972200000000000000000000,2.22,1,0.051,0.013963039,0,Radial Velocity,M0 V,M
HD 93963 A b,269,9.182,Super Earth,2022,7.8,5972200000000000000000000,1.35,1,0.02085,0.002737851,0,Transit,M0 V,M
HD 96700 c,83,6.51,Super Earth,2021,3.5,5972200000000000000000000,1.69,1,0.141,0.05448323,0.293,Radial Velocity,M0 V,M
HD 97658 b,70,7.76,Super Earth,2010,8.3,5972200000000000000000000,2.12,1,0.0805,0.026009582,0.05,Radial Velocity,M0 V,M
HR 858 b,104,6.38,Super Earth,2019,5,5972200000000000000000000,2.085,1,0.048,0.009856262,0.3,Transit,M0 V,M
K2-131 b,497,12.129,Super Earth,2017,6.3,5972200000000000000000000,1.5,1,0.0095,0.00109514,0,Transit,M1 V,M
K2-133 b,245,14.073,Super Earth,2017,2.36,5972200000000000000000000,1.34,1,0.03194,0.008487337,0,Transit,M1 V,M
K2-133 c,245,14.073,Super Earth,2017,3.2,5972200000000000000000000,1.603,1,0.04341,0.013415469,0,Transit,M1 V,M
K2-19 d,945,13.024,Super Earth,2016,10,5972200000000000000000000,1.11,1,0.0344,0.006844627,0,Transit,K7 V,K
K2-239 b,101,14.632,Super Earth,2018,1.37,5972200000000000000000000,1.1,1,0.0441,0.014236824,0,Transit,M2 V,M
K2-239 c,101,14.632,Terrestrial,2018,0.972,5972200000000000000000000,1,1,0.0576,0.021355236,0,Transit,M2 V,M
K2-239 d,101,14.632,Super Earth,2018,1.37,5972200000000000000000000,1.1,1,0.0685,0.027652293,0,Transit,M2 V,M
K2-240 b,238,13.372,Super Earth,2018,4.66,5972200000000000000000000,2,1,0.0513,0.016427105,0,Transit,M2 V,M
K2-240 c,238,13.372,Super Earth,2018,3.89,5972200000000000000000000,1.8,1,0.1159,0.056125943,0,Transit,M2 V,M
K2-277 b,369,10.364,Super Earth,2018,4.94,5972200000000000000000000,2.07,1,0.0675,0.017248461,0,Transit,M0 V,M
K2-279 b,597,11.491,Super Earth,2018,1.92,5972200000000000000000000,1.21,1,0.067,0.01943874,0,Transit,M0 V,M
K2-37 b,587,12.573,Super Earth,2016,3.22,5972200000000000000000000,1.61,1,0.0511,0.012046544,0,Transit,M1 V,M
Kepler-1121 b,1572,12.144,Super Earth,2016,4.31,5972200000000000000000000,1.91,1,0.1187,0.03613963,0,Transit,G4 V,G
Kepler-1145 b,2257,15.471,Super Earth,2016,2.54,5972200000000000000000000,1.4,1,0.0443,0.010951404,0,Transit,F7 V,F
Kepler-1177 b,4241,14.773,Super Earth,2016,4.27,5972200000000000000000000,1.9,1,0.4301,0.29075974,0,Transit,F5 IV,F
Kepler-1205 b,2278,15.316,Super Earth,2016,2.57,5972200000000000000000000,1.41,1,0.0196,0.003011636,0,Transit,G2 V,G
Kepler-1207 b,5722,14.595,Super Earth,2016,3.26,5972200000000000000000000,1.62,1,0.1156,0.037508555,0,Transit,K2 V,K
Kepler-1209 b,1649,12.554,Super Earth,2016,2.89,5972200000000000000000000,1.51,1,0.18,0.06954141,0,Transit,K2 V,K
Kepler-120 b,1268,14.995,Super Earth,2014,8.5,5972200000000000000000000,2.15,1,0.055,0.017248461,0,Transit,K2 V,K
Kepler-120 c,1268,14.995,Super Earth,2014,2.96,5972200000000000000000000,1.53,1,0.088,0.03504449,0,Transit,K2 V,K
Kepler-1210 b,3838,15.649,Super Earth,2016,3.53,5972200000000000000000000,1.7,1,0.0753,0.022176592,0,Transit,G3 V,G
Kepler-1228 b,1681,15.061,Super Earth,2016,2.99,5972200000000000000000000,1.54,1,0.0125,0.001642711,0,Transit,M,M
Kepler-1229 b,866,16.124,Super Earth,2016,2.54,5972200000000000000000000,1.4,1,0.3006,0.23764546,0,Transit,M,M
Kepler-122 d,3352,14.403,Neptune-like,2014,5.48,5972200000000000000000000,2.2,1,0.155,0.05913758,0,Transit,M,M
Kepler-122 f,3352,14.403,Super Earth,2014,36,5972200000000000000000000,1.75,1,0.287,0.154141,0,Transit Timing Variations,G9/K0,G
Kepler-1232 b,2064,14.97,Super Earth,2016,4.38,5972200000000000000000000,1.93,1,0.1673,0.0733744,0,Transit,G4 V,G
Kepler-1238 b,5324,14.919,Super Earth,2016,4.38,5972200000000000000000000,1.93,1,0.0541,0.011225188,0,Transit,K1 V,K
Kepler-123 c,3333,14.129,Super Earth,2014,2.79,5972200000000000000000000,1.48,1,0.181,0.07310062,0,Transit,G1 V,G
Kepler-1240 b,2812,14.092,Super Earth,2016,1.6,5972200000000000000000000,1.15,1,0.0557,0.013415469,0,Transit,G2 V,G
Kepler-1243 b,2473,14.898,Super Earth,2016,3.71,5972200000000000000000000,1.75,1,0.1256,0.04599589,0,Transit,K1 V,K
Kepler-1244 b,3509,12.444,Super Earth,2016,2.39,5972200000000000000000000,1.35,1,0.0502,0.010130048,0,Transit,F8 V,F
Kepler-1257 b,3608,15.644,Super Earth,2016,2.92,5972200000000000000000000,1.52,1,0.0376,0.007392197,0,Transit,G2 IV,G
Kepler-1262 b,3441,15.155,Super Earth,2016,3.97,5972200000000000000000000,1.82,1,0.083,0.023819301,0,Transit,K,K
Kepler-1263 b,2169,15.173,Super Earth,2016,1.55,5972200000000000000000000,1.14,1,0.0499,0.012594113,0,Transit,K,K
Kepler-1264 b,2616,14.629,Super Earth,2016,1.76,5972200000000000000000000,1.18,1,0.0191,0.002737851,0,Transit,K,K
Kepler-1265 b,1904,16.024,Super Earth,2016,2.39,5972200000000000000000000,1.35,1,0.0612,0.01779603,0,Transit,K,K
Kepler-1266 c,2770,16.016,Super Earth,2021,3.46,5972200000000000000000000,1.68,1,0.052,0.013415469,0,Transit,K,K
Kepler-1268 b,6005,15.484,Super Earth,2016,4.78,5972200000000000000000000,2.03,1,0.2383,0.112251885,0,Transit,M4,M
Kepler-1269 b,3579,13.658,Super Earth,2016,3.29,5972200000000000000000000,1.63,1,0.226,0.10212183,0,Transit,M4,M
Kepler-126 b,774,10.505,Super Earth,2014,2.92,5972200000000000000000000,1.52,1,0.099,0.028747434,0.07,Transit,M4,M
Kepler-126 c,774,10.505,Super Earth,2014,3.12,5972200000000000000000000,1.58,1,0.162,0.05995893,0.19,Transit,M4,M
Kepler-1271 b,2714,14.075,Super Earth,2016,2.79,5972200000000000000000000,1.48,1,0.0418,0.008213553,0,Transit,M4,M
Kepler-1274 b,2005,11.717,Super Earth,2016,2.6,5972200000000000000000000,1.42,1,0.0806,0.019164955,0,Transit,M4,M
Kepler-1275 b,3764,14.595,Super Earth,2016,2.79,5972200000000000000000000,1.48,1,0.0488,0.010130048,0,Transit,G8 V,G
Kepler-1279 b,4874,14.137,Super Earth,2016,3.71,5972200000000000000000000,1.75,1,0.1633,0.064339496,0,Transit,M,M
Kepler-1284 b,2878,15.912,Super Earth,2016,1.92,5972200000000000000000000,1.21,1,0.0143,0.001916496,0,Transit,G2,G
Kepler-1331 b,1041,15.58,Super Earth,2016,1.16,5972200000000000000000000,1.05,1,0.0142,0.002190281,0,Transit,M1 V,M
Kepler-1332 b,1725,13.975,Super Earth,2016,2.45,5972200000000000000000000,1.37,1,0.0986,0.032580424,0,Transit,M1 V,M
Kepler-1335 b,2028,15.248,Super Earth,2016,2.7,5972200000000000000000000,1.45,1,0.0615,0.017248461,0,Transit,M1 V,M
Kepler-1336 b,3675,14.264,Super Earth,2016,4.58,5972200000000000000000000,1.98,1,0.1595,0.06351814,0,Transit,M1 V,M
Kepler-1371 c,1681,14.018,Terrestrial,2016,0.196,5972200000000000000000000,0.64,1,0.0274,0.005475702,0,Transit,M0 V,M
Kepler-1372 b,4251,15.667,Super Earth,2016,2.15,5972200000000000000000000,1.27,1,0.024,0.003559206,0,Transit,M0 V,M
Kepler-1373 b,5544,14.328,Super Earth,2016,1.65,5972200000000000000000000,1.16,1,0.0242,0.003559206,0,Transit,M0 V,M
Kepler-1398 b,2780,13.752,Terrestrial,2016,0.666,5972200000000000000000000,0.9,1,0.0392,0.007665982,0,Transit,G2 V,G
Kepler-1398 c,2780,13.752,Super Earth,2016,1.08,5972200000000000000000000,1.03,1,0.051,0.011225188,0,Transit,G2 V,G
Kepler-1399 b,4520,15.572,Super Earth,2016,2.1,5972200000000000000000000,1.25,1,0.0276,0.004380561,0,Transit,M1 V,M
Kepler-1400 b,2454,16.067,Super Earth,2016,3.26,5972200000000000000000000,1.62,1,0.0771,0.024914443,0,Transit,M1 V,M
Kepler-1401 b,4650,15.224,Super Earth,2016,3.46,5972200000000000000000000,1.68,1,0.0975,0.030663928,0,Transit,M1 V,M
Kepler-1509 b,6534,15.455,Super Earth,2016,4.08,5972200000000000000000000,1.85,1,0.1707,0.06954141,0,Transit,K7 V,K
Kepler-1529 b,2156,15.297,Neptune-like,2016,5.06,5972200000000000000000000,2.1,1,0.0525,0.01451061,0,Transit,M1 V,M
Kepler-1534 b,3611,16.429,Super Earth,2016,4.23,5972200000000000000000000,1.89,1,0.0599,0.015605749,0,Transit,K2 V,K
Kepler-1537 b,1687,14.827,Super Earth,2016,1.76,5972200000000000000000000,1.18,1,0.0245,0.003832991,0,Transit,K2 V,K
Kepler-1541 b,1359,13.944,Super Earth,2016,1.65,5972200000000000000000000,1.16,1,0.0781,0.022997946,0,Transit,K2 V,K
Kepler-1542 b,1302,12.734,Terrestrial,2016,0.363,5972200000000000000000000,0.76,1,0.0479,0.010951404,0,Transit,K2 V,K
Kepler-1542 c,1302,12.734,Terrestrial,2016,0.208,5972200000000000000000000,0.65,1,0.0389,0.007939767,0,Transit,K2 V,K
Kepler-1596 b,7001,15.632,Super Earth,2016,4.27,5972200000000000000000000,1.9,1,0.3237,0.1817933,0,Transit,G0 V,G
Kepler-1607 b,4195,13.969,Terrestrial,2016,0.721,5972200000000000000000000,0.92,1,0.1075,0.037234772,0,Transit,G9 V,G
Kepler-1633 b,3637,13.516,Super Earth,2016,3.12,5972200000000000000000000,1.58,1,0.3875,0.5103354,0,Transit,G4 V,G
Kepler-1637 b,1850,13.375,Terrestrial,2016,0.64,5972200000000000000000000,0.89,1,0.0596,0.01670089,0,Transit,G4 V,G
Kepler-174 b,1255,14.53,Super Earth,2014,4.5,5972200000000000000000000,1.96,1,0.1,0.03832991,0,Transit,F8 V,F
Kepler-176 e,1720,14.767,Super Earth,2016,2.7,5972200000000000000000000,1.45,1,0.2494,0.14017797,0,Transit,K0 V,K
Kepler-1818 b,3375,14.514,Super Earth,2021,3.58,5972200000000000000000000,1.714,1,0.055,0.012594113,0,Transit,F,F
Kepler-183 b,3427,14.993,Super Earth,2014,4.9,5972200000000000000000000,2.06,1,0.064,0.015605749,0,Transit,G5 V,G
Kepler-185 c,1522,14.562,Super Earth,2014,4.74,5972200000000000000000000,2.02,1,0.139,0.056673512,0,Transit,G,G
Kepler-1892 b,2778,15.592,Super Earth,2021,4.03,5972200000000000000000000,1.837,1,0.0633,0.017248461,0,Transit,K5,K
Kepler-1893 b,3427,15.152,Super Earth,2021,3.55,5972200000000000000000000,1.706,1,0.0504,0.011498973,0,Transit,K5,K
Kepler-1894 b,3051,15.452,Super Earth,2021,1.87,5972200000000000000000000,1.201,1,0.0385,0.007665982,0,Transit,K5,K
Kepler-1895 b,3210,15.787,Neptune-like,2021,5.14,5972200000000000000000000,2.119,1,0.0615,0.01670089,0,Transit,K5,K
Kepler-1898 b,1177,13.387,Terrestrial,2021,0.76,5972200000000000000000000,0.934,1,0.0522,0.013141684,0,Transit,K5,K
Kepler-1899 b,2321,16.136,Super Earth,2021,3.02,5972200000000000000000000,1.551,1,0.0457,0.011225188,0,Transit,K5,K
Kepler-190 c,1414,14.336,Super Earth,2014,2.73,5972200000000000000000000,1.46,1,0.045,0.010403832,0,Transit,M0 V,M
Kepler-1911 b,880,12.245,Super Earth,2021,1.01,5972200000000000000000000,1.011,1,0.0636,0.016427105,0,Transit,M0 V,M
Kepler-1955 b,1466,12.609,Super Earth,2021,1.69,5972200000000000000000000,1.167,1,0.117,0.039151266,0,Transit,M0 V,M
Kepler-1956 b,1176,15.989,Super Earth,2021,1.32,5972200000000000000000000,1.089,1,0.0563,0.01615332,0,Transit,M0 V,M
Kepler-1957 b,1503,15.13,Terrestrial,2021,0.79,5972200000000000000000000,0.944,1,0.0299,0.006023272,0,Transit,M0 V,M
Kepler-224 b,2551,15.801,Super Earth,2014,2.51,5972200000000000000000000,1.39,1,0.038,0.008487337,0,Transit,G6 V,G
Kepler-254 c,4532,16.012,Neptune-like,2014,3.2,5972200000000000000000000,2.15,1,0.105,0.03394935,0,Transit,K3,K
Kepler-291 b,5827,16.218,Neptune-like,2014,5.31,5972200000000000000000000,2.16,1,0.047,0.009582478,0,Transit,M0 V,M
Kepler-291 c,5827,16.218,Super Earth,2014,4.19,5972200000000000000000000,1.88,1,0.065,0.015605749,0,Transit,M0 V,M
Kepler-338 e,1803,12.19,Super Earth,2014,8.5,5972200000000000000000000,1.56,1,0.0893,0.025462013,0.05,Transit Timing Variations,M1 V,M
Kepler-339 c,2011,14.706,Super Earth,2014,7.3,5972200000000000000000000,1.15,1,0.069,0.019164955,0,Transit,M3 V,M
Kepler-339 d,2011,14.706,Super Earth,2014,14.7,5972200000000000000000000,1.17,1,0.091,0.02902122,0,Transit,M3 V,M
Kepler-33 b,3944,14.099,Super Earth,2011,3.68,5972200000000000000000000,1.74,1,0.0677,0.015605749,0,Transit,M3 V,M
Kepler-341 b,3415,14.739,Super Earth,2014,1.76,5972200000000000000000000,1.18,1,0.06,0.014236824,0,Transit,M3 V,M
Kepler-341 c,3415,14.739,Super Earth,2014,3.53,5972200000000000000000000,1.7,1,0.08,0.021902807,0,Transit,M4.5 V,M
Kepler-341 d,3415,14.739,Super Earth,2014,4.08,5972200000000000000000000,1.85,1,0.182,0.07583847,0,Transit,M4.5 V,M
Kepler-341 e,3415,14.739,Super Earth,2014,4.62,5972200000000000000000000,1.99,1,0.242,0.11635866,0,Transit,m3 V,m
Kepler-342 c,2550,13.2,Super Earth,2014,4.5,5972200000000000000000000,1.96,1,0.185,0.071731694,0,Transit,M2.0 V,M
Kepler-342 e,2550,13.2,Terrestrial,2016,0.615,5972200000000000000000000,0.88,1,0.0293,0.004380561,0,Transit,M2.0 V,M
Kepler-343 c,3025,14.063,Super Earth,2014,4.74,5972200000000000000000000,2.02,1,0.167,0.06351814,0,Transit,M1,M
Kepler-345 b,848,14.344,Terrestrial,2014,0.5,5972200000000000000000000,0.74,1,0.066,0.020260096,0,Transit,M5,M
Kepler-345 c,848,14.344,Super Earth,2014,2.2,5972200000000000000000000,1.2,1,0.077,0.025735795,0,Transit,M0.0 V,M
Kepler-347 b,4237,14.567,Super Earth,2014,4.54,5972200000000000000000000,1.97,1,0.11,0.03504449,0,Transit,M(6.1 +/- 0.7) V,M
Kepler-347 c,4237,14.567,Super Earth,2014,3.71,5972200000000000000000000,1.75,1,0.183,0.07474332,0,Transit,M(6.1 +/- 0.7) V,M
Kepler-348 b,1862,12.676,Super Earth,2014,2.92,5972200000000000000000000,1.52,1,0.076,0.01943874,0,Transit,M(6.1 +/- 0.7) V,M
Kepler-348 c,1862,12.676,Super Earth,2014,2.33,5972200000000000000000000,1.33,1,0.138,0.047364816,0,Transit,M6 V,M
Kepler-349 c,3069,14.915,Super Earth,2014,4.5,5972200000000000000000000,1.96,1,0.105,0.03340178,0,Transit,M6 V,M
Kepler-350 b,3121,13.965,Super Earth,2014,4.08,5972200000000000000000000,1.85,1,0.104,0.030663928,0,Transit,M3.0 V,M
Kepler-352 b,824,13.142,Terrestrial,2014,0.566,5972200000000000000000000,0.86,1,0.085,0.027652293,0,Transit,M2.5V,M
Kepler-352 c,824,13.142,Super Earth,2014,2.07,5972200000000000000000000,1.24,1,0.118,0.044626966,0,Transit,M2.5V,M
Kepler-352 d,824,13.142,Terrestrial,2021,0.449,5972200000000000000000000,0.806,1,0.0657,0.01889117,0,Transit,M3.5 V,M
Kepler-353 b,1255,16.126,Terrestrial,2014,0.64,5972200000000000000000000,0.89,1,0.051,0.015879534,0,Transit,M3.5 V,M
Kepler-353 c,1255,16.126,Super Earth,2014,2.48,5972200000000000000000000,1.38,1,0.065,0.022997946,0,Transit,G7 V,G
Kepler-355 b,4672,15.242,Super Earth,2014,2.73,5972200000000000000000000,1.46,1,0.102,0.030116359,0,Transit,A8,A
Kepler-356 b,2308,13.058,Super Earth,2014,3.09,5972200000000000000000000,1.57,1,0.057,0.012594113,0,Transit,A7 V,A
Kepler-360 c,2858,15.011,Neptune-like,2014,5.06,5972200000000000000000000,2.1,1,0.075,0.019712524,0,Transit,K,K
Kepler-374 d,4128,14.701,Super Earth,2014,2.27,5972200000000000000000000,1.31,1,0.056,0.013689254,0,Transit,K3 III,K
Kepler-375 b,4041,15.643,Super Earth,2014,2.7,5972200000000000000000000,1.45,1,0.101,0.033127997,0,Transit,K4 III,K
Kepler-376 b,3011,13.86,Super Earth,2014,1.24,5972200000000000000000000,1.07,1,0.057,0.013415469,0,Transit,G5 V,G
Kepler-376 c,3011,13.86,Super Earth,2014,3.86,5972200000000000000000000,1.79,1,0.115,0.03887748,0,Transit,G5 V,G
Kepler-377 b,2687,14.081,Super Earth,2014,2.51,5972200000000000000000000,1.39,1,0.109,0.034223136,0,Transit,F9 V,F
Kepler-377 c,2687,14.081,Super Earth,2014,4.9,5972200000000000000000000,2.06,1,0.182,0.07392197,0,Transit,M0.5,M
Kepler-378 b,496,12.619,Terrestrial,2014,0.347,5972200000000000000000000,0.75,1,0.112,0.044079397,0,Transit,K5 V,K
Kepler-378 c,496,12.619,Terrestrial,2014,0.271,5972200000000000000000000,0.7,1,0.166,0.079123884,0,Transit,K,K
Kepler-379 b,2385,13.475,Super Earth,2014,3.39,5972200000000000000000000,1.66,1,0.152,0.0550308,0,Transit,G,G
Kepler-37 c,209,9.770001,Terrestrial,2013,12,5972200000000000000000000,0.75,1,0.1368,0.05831622,0.09,Transit,K1 V,K
Kepler-37 d,209,9.770001,Neptune-like,2013,12.2,5972200000000000000000000,1.94,1,0.2076,0.10896646,0.15,Transit,G6 V,G
Kepler-37 e,209,9.770001,Terrestrial,2014,0.0275,5972200000000000000000000,0.37,1,0.246,0.14017797,0,Transit Timing Variations,G7 V,G
Kepler-380 b,2654,13.74,Super Earth,2014,1.81,5972200000000000000000000,1.19,1,0.05,0.010677618,0,Transit,G4 V,G
Kepler-380 c,2654,13.74,Super Earth,2014,2.15,5972200000000000000000000,1.27,1,0.078,0.020807665,0,Transit,G5 V,G
Kepler-381 b,872,10.47,Terrestrial,2014,0.937,5972200000000000000000000,0.99,1,0.066,0.015331964,0,Transit,F5 V,F
Kepler-381 c,872,10.47,Super Earth,2014,1.46,5972200000000000000000000,1.12,1,0.117,0.0366872,0,Transit,G1 IV,G
Kepler-381 d,872,10.47,Super Earth,2021,1.23,5972200000000000000000000,1.067,1,0.085,0.022724163,0,Transit,K3 V,K
Kepler-382 b,3051,14.907,Super Earth,2014,2.3,5972200000000000000000000,1.32,1,0.055,0.01451061,0,Transit,F9 V,F
Kepler-382 c,3051,14.907,Super Earth,2014,3.15,5972200000000000000000000,1.59,1,0.097,0.03340178,0,Transit,G2 IV,G
Kepler-383 b,1533,15.473,Super Earth,2014,2.3,5972200000000000000000000,1.32,1,0.095,0.035318274,0,Transit,K0 V,K
Kepler-383 c,1533,15.473,Super Earth,2014,2.07,5972200000000000000000000,1.24,1,0.172,0.085420944,0,Transit,G6 V,G
Kepler-384 c,2922,13.734,Super Earth,2014,1.51,5972200000000000000000000,1.13,1,0.236,0.12402464,0,Transit,K2 V,K
Kepler-386 c,2879,15.949,Super Earth,2014,3.12,5972200000000000000000000,1.58,1,0.155,0.068993844,0,Transit,K0 V,K
Kepler-387 b,2613,14.129,Super Earth,2014,1.08,5972200000000000000000000,1.03,1,0.068,0.018617386,0,Transit,F8 V,F
Kepler-387 c,2613,14.129,Terrestrial,2014,0.64,5972200000000000000000000,0.89,1,0.098,0.03230664,0,Transit,WD,W
Kepler-388 b,1386,15.218,Terrestrial,2014,0.457,5972200000000000000000000,0.81,1,0.036,0.008761123,0,Transit,WD,W
Kepler-390 b,1420,14.231,Terrestrial,2014,0.477,5972200000000000000000000,0.82,1,0.065,0.0183436,0,Transit,K V,K
Kepler-392 b,2223,13.528,Terrestrial,2014,0.972,5972200000000000000000000,1,1,0.059,0.01451061,0,Transit,K5,K
Kepler-394 c,3454,14.948,Super Earth,2014,3.39,5972200000000000000000000,1.66,1,0.11,0.033127997,0,Transit,M,M
Kepler-398 c,579,13.499,Super Earth,2014,1.01,5972200000000000000000000,1.01,1,0.087,0.031211497,0,Transit,M,M
Kepler-399 b,2416,14.686,Terrestrial,2014,0.84,5972200000000000000000000,0.96,1,0.103,0.03942505,0,Transit,G5 V,G
Kepler-399 c,2416,14.686,Super Earth,2014,2.63,5972200000000000000000000,1.43,1,0.155,0.07310062,0,Transit,G5 V,G
Kepler-401 b,3150,13.366,Super Earth,2014,3.57,5972200000000000000000000,1.71,1,0.122,0.03942505,0,Transit,M V,M
Kepler-402 b,2040,13.27,Super Earth,2014,1.98,5972200000000000000000000,1.22,1,0.051,0.010951404,0,Transit,M V,M
Kepler-404 c,2650,15.479,Super Earth,2014,3.61,5972200000000000000000000,1.72,1,0.118,0.04052019,0,Transit,M,M
Kepler-495 c,2149,14.942,Super Earth,2021,1.98,5972200000000000000000000,1.219,1,0.0614,0.01615332,0,Transit,G V,G
Kepler-526 b,2173,13.194,Super Earth,2016,4.62,5972200000000000000000000,1.99,1,0.064,0.015058179,0,Transit,G,G
Kepler-528 b,2558,14.064,Super Earth,2016,4.98,5972200000000000000000000,2.08,1,0.1409,0.054209445,0,Transit,G,G
Kepler-53 d,4456,15.367,Neptune-like,2014,5.14,5972200000000000000000000,2.12,1,0.091,0.026830938,0,Transit,G2 V,G
Kepler-542 b,1422,13.606,Super Earth,2016,3.09,5972200000000000000000000,1.57,1,0.1038,0.035865847,0,Transit,K2 V,K
Kepler-544 b,3142,13.667,Neptune-like,2016,5.14,5972200000000000000000000,2.12,1,0.1553,0.058590006,0,Transit,K4 V,K
Kepler-54 b,886,16.282,Super Earth,2012,21.5,5972200000000000000000000,2.1,1,0.0619,0.021902807,0,Transit,F5 V,F
Kepler-55 d,1888,15.746,Super Earth,2014,3.15,5972200000000000000000000,1.59,1,0.029,0.006023272,0,Transit,F8 V,F
Kepler-55 f,1888,15.746,Super Earth,2014,3.15,5972200000000000000000000,1.59,1,0.081,0.027926078,0,Transit,M9,M
Kepler-560 b,357,15.66,Super Earth,2016,3.61,5972200000000000000000000,1.72,1,0.0899,0.05065024,0.17,Transit,K7,K
Kepler-566 b,1841,15.217,Neptune-like,2016,5.27,5972200000000000000000000,2.15,1,0.1247,0.050376453,0,Transit,K7,K
Kepler-578 b,1766,14.578,Super Earth,2016,4.66,5972200000000000000000000,2,1,0.0266,0.004380561,0,Transit,F,F
Kepler-57 c,2101,15.017,Super Earth,2012,9.1,5972200000000000000000000,1.55,1,0.096,0.03175907,0,Transit,K5 V,K
Kepler-601 b,1353,14.151,Super Earth,2016,4.27,5972200000000000000000000,1.9,1,0.056,0.014784395,0,Transit,G9 IV,G
Kepler-605 c,1816,14.376,Terrestrial,2016,0.566,5972200000000000000000000,0.86,1,0.033,0.006570842,0,Transit,M5.5 V,M
Kepler-60 b,3344,13.95,Super Earth,2012,4.19,5972200000000000000000000,1.71,1,0.0719,0.01943874,0,Transit,F7 V,F
Kepler-60 d,3344,13.95,Neptune-like,2012,4.16,5972200000000000000000000,1.99,1,0.1012,0.032580424,0,Transit,G0 V,G
Kepler-611 b,4552,14.734,Super Earth,2016,3.36,5972200000000000000000000,1.65,1,0.0351,0.006570842,0,Transit,K1 V,K
Kepler-615 b,1076,14.623,Super Earth,2016,3.68,5972200000000000000000000,1.74,1,0.085,0.028473647,0,Transit,G2 V,G
Kepler-617 b,565,15.549,Super Earth,2016,2.3,5972200000000000000000000,1.32,1,0.0219,0.004654347,0,Transit,K2 V,K
Kepler-619 c,2938,14.84,Super Earth,2016,3.5,5972200000000000000000000,1.69,1,0.0225,0.003285421,0,Transit,F4 V,F
Kepler-61 b,1093,15.277,Neptune-like,2013,5.27,5972200000000000000000000,2.15,1,0.24861,0.16399726,0.25,Transit,G0 V,G
Kepler-622 b,929,15.052,Neptune-like,2016,5.18,5972200000000000000000000,2.13,1,0.0978,0.039151266,0,Transit,K5 V,K
Kepler-625 b,2481,13.395,Super Earth,2016,4.62,5972200000000000000000000,1.99,1,0.0768,0.021355236,0,Transit,M0,M
Kepler-625 c,2481,13.395,Super Earth,2016,1.16,5972200000000000000000000,1.05,1,0.0508,0.011498973,0,Transit,M0,M
Kepler-629 b,1214,13.481,Super Earth,2016,2.48,5972200000000000000000000,1.38,1,0.0712,0.019712524,0,Transit,M,M
Kepler-62 b,981,13.965,Super Earth,2013,9,5972200000000000000000000,1.31,1,0.0553,0.015605749,0,Transit,M4,M
Kepler-62 c,981,13.965,Terrestrial,2013,4,5972200000000000000000000,0.54,1,0.0929,0.03394935,0,Transit,M2,M
Kepler-62 d,981,13.965,Neptune-like,2013,14,5972200000000000000000000,1.95,1,0.12,0.049828887,0,Transit,M4.5 V,M
Kepler-638 b,3233,13.658,Super Earth,2016,4.01,5972200000000000000000000,1.83,1,0.0632,0.01670089,0,Transit,F9,F
Kepler-641 b,3164,13.807,Super Earth,2016,4.08,5972200000000000000000000,1.85,1,0.0879,0.026009582,0,Transit,G3,G
Kepler-653 b,1943,13.498,Super Earth,2016,4.46,5972200000000000000000000,1.95,1,0.1197,0.040246405,0,Transit,G9 V,G
Kepler-653 c,1943,13.498,Terrestrial,2016,0.399,5972200000000000000000000,0.78,1,0.0186,0.002464066,0,Transit,G9 V,G
Kepler-65 b,991,10.922,Super Earth,2012,2.4,5972200000000000000000000,1.42,1,0.035,0.006023272,0.03,Transit,K9 V/M0 V,K
Kepler-65 d,991,10.922,Super Earth,2012,4.14,5972200000000000000000000,1.52,1,0.084,0.022176592,0.01,Transit,F6 V,F
Kepler-662 b,2661,15.598,Neptune-like,2016,5.39,5972200000000000000000000,2.18,1,0.1408,0.059411366,0,Transit,K7,K
Kepler-674 b,1116,15.569,Super Earth,2016,3.5,5972200000000000000000000,1.69,1,0.028,0.006023272,0,Transit,K7,K
Kepler-710 b,4724,15.071,Super Earth,2016,4.19,5972200000000000000000000,1.88,1,0.0524,0.011772759,0,Transit,F9 IV,F
Kepler-716 c,2071,15.314,Super Earth,2020,2.52,5972200000000000000000000,1.393,1,0.046,0.010951404,0,Transit,M2.0 V,M
Kepler-730 c,6312,15.782,Super Earth,2018,3.09,5972200000000000000000000,1.569,1,0.03997,0.007939767,0,Transit,M3 V,M
Kepler-732 c,570,16.53,Super Earth,2016,2.15,5972200000000000000000000,1.27,1,0.0143,0.002464066,0,Transit,M4.5V-M5V,M
Kepler-737 b,669,15.971,Super Earth,2016,4.5,5972200000000000000000000,1.96,1,0.1422,0.07830253,0,Transit,M3 V,M
Kepler-743 b,910,12.66,Super Earth,2016,1.92,5972200000000000000000000,1.21,1,0.0418,0.008761123,0,Transit,M0.5 V,M
Kepler-744 b,1468,13.718,Super Earth,2016,3.26,5972200000000000000000000,1.62,1,0.0993,0.033127997,0,Transit,K V,K
Kepler-745 b,5808,15.427,Neptune-like,2016,5.31,5972200000000000000000000,2.16,1,0.0915,0.027104722,0,Transit,K V,K
Kepler-746 b,1468,13.785,Super Earth,2016,1.41,5972200000000000000000000,1.11,1,0.0435,0.009582478,0,Transit,K V,K
Kepler-750 c,4228,14.634,Super Earth,2016,3.26,5972200000000000000000000,1.62,1,0.0533,0.011225188,0,Transit,K V,K
Kepler-753 b,896,14.891,Super Earth,2016,4.31,5972200000000000000000000,1.91,1,0.054,0.015605749,0,Transit,K0 V,K
Kepler-754 b,5775,15.352,Super Earth,2016,4.7,5972200000000000000000000,2.01,1,0.116,0.039972622,0,Transit,K0 V,K
Kepler-755 b,1302,14.277,Super Earth,2016,3.75,5972200000000000000000000,1.76,1,0.0214,0.003559206,0,Transit,K0 V,K
Kepler-756 b,2779,15.986,Super Earth,2016,1.46,5972200000000000000000000,1.12,1,0.0219,0.003285421,0,Transit,K6 V,K
Kepler-757 b,3486,15.066,Super Earth,2016,2.42,5972200000000000000000000,1.36,1,0.019,0.002737851,0,Transit,K6 V,K
Kepler-758 c,4901,14.379,Super Earth,2016,3.5,5972200000000000000000000,1.69,1,0.0547,0.013141684,0,Transit,K6 V,K
Kepler-758 d,4901,14.379,Neptune-like,2016,5.14,5972200000000000000000000,2.12,1,0.1447,0.056125943,0,Transit,M3,M
Kepler-758 e,4901,14.379,Super Earth,2016,2.96,5972200000000000000000000,1.53,1,0.0785,0.022450376,0,Transit,M3,M
Kepler-760 c,2585,15.181,Super Earth,2016,2.79,5972200000000000000000000,1.48,1,0.0333,0.006844627,0,Transit,K1-K2,K
Kepler-764 b,3418,15.555,Super Earth,2016,3.33,5972200000000000000000000,1.64,1,0.0724,0.019986311,0,Transit,M0 V,M
Kepler-768 b,2559,15.969,Super Earth,2016,3.86,5972200000000000000000000,1.79,1,0.092,0.031211497,0,Transit,G V,G
Kepler-769 c,3815,14.984,Super Earth,2016,3.86,5972200000000000000000000,1.79,1,0.1297,0.043805614,0,Transit,G V,G
Kepler-771 b,4547,14.958,Super Earth,2016,3.97,5972200000000000000000000,1.82,1,0.0843,0.023819301,0,Transit,G8 V,G
Kepler-773 b,1784,13.387,Super Earth,2016,2.63,5972200000000000000000000,1.43,1,0.047,0.010130048,0,Transit,F8,F
Kepler-775 b,1300,13.564,Super Earth,2016,1.81,5972200000000000000000000,1.19,1,0.0187,0.002737851,0,Transit,F8,F
Kepler-778 b,3060,15.959,Super Earth,2016,3.46,5972200000000000000000000,1.68,1,0.0453,0.010403832,0,Transit,G9 V,G
Kepler-779 b,924,16.303,Terrestrial,2016,0.721,5972200000000000000000000,0.92,1,0.0533,0.01943874,0,Transit,G2 V,G
Kepler-780 b,1819,13.464,Terrestrial,2016,0.64,5972200000000000000000000,0.89,1,0.015,0.001916496,0,Transit,Am C,A
Kepler-789 b,4828,14.723,Neptune-like,2016,5.14,5972200000000000000000000,2.12,1,0.0951,0.023545519,0,Transit,M4 &#177 0.5 V,M
Kepler-790 b,2294,15.534,Neptune-like,2016,5.39,5972200000000000000000000,2.18,1,0.101,0.037508555,0,Transit,M3.0 V,M
Kepler-793 b,3215,14.742,Super Earth,2016,2.45,5972200000000000000000000,1.37,1,0.0491,0.011498973,0,Transit,F,F
Kepler-794 b,3038,13.599,Neptune-like,2016,5.1,5972200000000000000000000,2.11,1,0.1036,0.030390145,0,Transit,F8 V,F
Kepler-795 b,1605,13.423,Super Earth,2016,3.46,5972200000000000000000000,1.68,1,0.1817,0.08104038,0,Transit,F0,F
Kepler-796 b,2667,13.175,Super Earth,2016,2.24,5972200000000000000000000,1.3,1,0.0662,0.017522246,0,Transit,G9 IV,G
Kepler-801 b,1437,15.596,Super Earth,2016,4.66,5972200000000000000000000,2,1,0.0795,0.031211497,0,Transit,F,F
Kepler-804 b,2119,13.864,Super Earth,2016,4.42,5972200000000000000000000,1.94,1,0.1137,0.03942505,0,Transit,M2,M
Kepler-804 c,2119,13.864,Super Earth,2016,1.55,5972200000000000000000000,1.14,1,0.0872,0.026557151,0,Transit,M2,M
Kepler-808 b,1047,14.519,Super Earth,2016,2.73,5972200000000000000000000,1.46,1,0.0116,0.001642711,0,Transit,F7 V,F
Kepler-80 d,1205,15.23,Super Earth,2014,6.75,5972200000000000000000000,1.53,1,0.0372,0.008487337,0,Transit,F7 V,F
Kepler-80 e,1205,15.23,Super Earth,2014,4.13,5972200000000000000000000,1.6,1,0.0491,0.012594113,0,Transit,M4.5+/-0.5,M
Kepler-80 f,1205,15.23,Super Earth,2016,1.92,5972200000000000000000000,1.21,1,0.0175,0.002737851,0,Transit,M3.0 V,M
Kepler-81 d,1136,15.258,Super Earth,2014,1.92,5972200000000000000000000,1.21,1,0.128,0.056947295,0,Transit,M1 V,M
Kepler-821 b,2005,15.153,Super Earth,2016,2.27,5972200000000000000000000,1.31,1,0.029,0.005201916,0,Transit,M5V,M
Kepler-822 b,2807,14.75,Super Earth,2016,3.78,5972200000000000000000000,1.77,1,0.0412,0.008761123,0,Transit,G5 V,G
Kepler-824 b,3919,15.051,Super Earth,2016,4.16,5972200000000000000000000,1.87,1,0.055,0.012320329,0,Transit,M0,M
Kepler-825 b,2635,14.296,Super Earth,2016,2.96,5972200000000000000000000,1.53,1,0.0453,0.010403832,0,Transit,M0 V,M
Kepler-825 c,2635,14.296,Super Earth,2016,4.04,5972200000000000000000000,1.84,1,0.0759,0.022450376,0,Transit,M0 V,M
Kepler-826 b,2543,13.644,Super Earth,2016,2.1,5972200000000000000000000,1.25,1,0.0528,0.012320329,0,Transit,M0 V,M
Kepler-828 b,1877,15.374,Super Earth,2016,2.89,5972200000000000000000000,1.51,1,0.0125,0.001642711,0,Transit,M0.0 V,M
Kepler-829 b,3503,14.973,Neptune-like,2016,5.1,5972200000000000000000000,2.11,1,0.0678,0.01889117,0,Transit,K,K
Kepler-82 d,2950,15.131,Super Earth,2014,3.78,5972200000000000000000000,1.77,1,0.034,0.006570842,0,Transit,K,K
Kepler-830 b,3660,14.88,Super Earth,2016,3.53,5972200000000000000000000,1.7,1,0.1033,0.030937715,0,Transit,K,K
Kepler-831 b,1936,13.751,Super Earth,2016,2.15,5972200000000000000000000,1.27,1,0.0603,0.015331964,0,Transit,K,K
Kepler-832 b,5507,16.001,Super Earth,2016,4.9,5972200000000000000000000,2.06,1,0.075,0.01943874,0,Transit,K,K
Kepler-833 b,1525,15.755,Super Earth,2016,4.74,5972200000000000000000000,2.02,1,0.1139,0.05147159,0,Transit,K,K
Kepler-834 b,2068,16.211,Super Earth,2016,4.74,5972200000000000000000000,2.02,1,0.0862,0.036413416,0,Transit,F,F
Kepler-842 b,1738,15.363,Super Earth,2016,3.19,5972200000000000000000000,1.6,1,0.0204,0.003285421,0,Transit,K,K
Kepler-84 b,3340,14.92,Super Earth,2012,40,5972200000000000000000000,2.23,1,0.0827,0.023819301,0,Transit,G V,G
Kepler-84 d,3340,14.92,Super Earth,2014,2.48,5972200000000000000000000,1.38,1,0.052,0.011498973,0,Transit,M0,M
Kepler-853 b,1855,12.339,Super Earth,2016,3.5,5972200000000000000000000,1.69,1,0.0779,0.019712524,0,Transit,F6 V,F
Kepler-85 b,2496,14.89,Super Earth,2012,4.54,5972200000000000000000000,1.97,1,0.0766,0.022724163,0,Transit,K V,K
Kepler-85 d,2496,14.89,Super Earth,2014,1.87,5972200000000000000000000,1.2,1,0.13,0.049007528,0,Transit,F8 V,F
Kepler-85 e,2496,14.89,Super Earth,2014,0.6,5972200000000000000000000,1.27,1,0.163,0.068993844,0,Transit,G V,G
Kepler-866 b,2109,16.124,Super Earth,2016,3.29,5972200000000000000000000,1.63,1,0.0331,0.007118412,0,Transit,K,K
Kepler-868 b,5197,15.872,Super Earth,2016,4.86,5972200000000000000000000,2.05,1,0.0575,0.013689254,0,Transit,K,K
Kepler-872 b,2870,15.242,Super Earth,2016,4.62,5972200000000000000000000,1.99,1,0.0362,0.007118412,0,Transit,K,K
Kepler-876 b,2678,15.647,Super Earth,2016,2.63,5972200000000000000000000,1.43,1,0.0549,0.013963039,0,Transit,M1.0,M
Kepler-877 b,1964,14.74,Neptune-like,2016,5.14,5972200000000000000000000,2.12,1,0.1301,0.05065024,0,Transit,M2+/-0.5,M
Kepler-878 b,2582,14.967,Super Earth,2016,4.38,5972200000000000000000000,1.93,1,0.165,0.070910335,0,Transit,M4,M
Kepler-881 b,4486,15.281,Super Earth,2016,3.82,5972200000000000000000000,1.78,1,0.0552,0.012046544,0,Transit,M4,M
Kepler-882 b,1646,14.188,Super Earth,2016,2.04,5972200000000000000000000,1.23,1,0.0449,0.010951404,0,Transit,F,F
Kepler-883 b,2047,13.169,Super Earth,2016,3.82,5972200000000000000000000,1.78,1,0.1055,0.03559206,0,Transit,M4.5 V,M
Kepler-886 b,2320,14.054,Super Earth,2016,2.92,5972200000000000000000000,1.52,1,0.067,0.016974675,0,Transit,F4 V,F
Kepler-895 b,1762,16.21,Super Earth,2016,2.99,5972200000000000000000000,1.54,1,0.0328,0.007665982,0,Transit,G5,G
Kepler-903 b,4466,14.856,Super Earth,2016,4.7,5972200000000000000000000,2.01,1,0.0907,0.028473647,0,Transit,G V,G
Kepler-904 b,3191,14.56,Super Earth,2016,3.78,5972200000000000000000000,1.77,1,0.0417,0.008213553,0,Transit,K0 V,K
Kepler-905 b,1726,14.058,Super Earth,2016,2.57,5972200000000000000000000,1.41,1,0.0572,0.013963039,0,Transit,K8 V,K
Kepler-906 b,2472,14.019,Neptune-like,2016,5.1,5972200000000000000000000,2.11,1,0.2359,0.11416838,0,Transit,K8 V,K
Kepler-909 b,1010,11.626,Super Earth,2016,2.76,5972200000000000000000000,1.47,1,0.1175,0.038056124,0,Transit,M3,M
Kepler-90b,2767,13.883,Super Earth,2013,2.27,5972200000000000000000000,1.31,1,0.074,0.019164955,0,Transit,G V,G
Kepler-914 b,2459,13.667,Super Earth,2016,2.48,5972200000000000000000000,1.38,1,0.0544,0.012046544,0,Transit,M4.5 V,M
Kepler-915 b,2770,13.314,Super Earth,2016,2.86,5972200000000000000000000,1.5,1,0.0566,0.012594113,0,Transit,M4 V,M
Kepler-922 b,1749,13.863,Super Earth,2016,2.6,5972200000000000000000000,1.42,1,0.0182,0.002464066,0,Transit,M2.5 V,M
Kepler-931 b,1598,14.643,Super Earth,2016,2.33,5972200000000000000000000,1.33,1,0.0719,0.021902807,0,Transit,K8 V,K
Kepler-932 b,1519,14.308,Super Earth,2016,2.45,5972200000000000000000000,1.37,1,0.0279,0.005201916,0,Transit,K8 V,K
Kepler-946 b,3710,15.011,Super Earth,2016,4.38,5972200000000000000000000,1.93,1,0.1002,0.03230664,0,Transit,F9 V,F
Kepler-953 c,845,11.871,Super Earth,2016,1.81,5972200000000000000000000,1.19,1,0.0862,0.024914443,0,Transit,M2 V,M
Kepler-958 b,1467,13.91,Super Earth,2016,4.9,5972200000000000000000000,2.06,1,0.0852,0.026830938,0,Transit,M,M
Kepler-962 b,1342,13.68,Super Earth,2016,4.54,5972200000000000000000000,1.97,1,0.0984,0.033127997,0,Transit,M,M
Kepler-964 b,1483,14.061,Neptune-like,2016,5.14,5972200000000000000000000,2.12,1,0.1063,0.036960986,0,Transit,M,M
Kepler-97 b,1308,12.994,Super Earth,2014,3.51,5972200000000000000000000,1.48,1,0.0356,0.007118412,0,Transit,M V,M
Kepler-990 c,2617,14.716,Super Earth,2016,2.96,5972200000000000000000000,1.53,1,0.0127,0.001368925,0,Transit,M1,M
Kepler-996 b,3968,14.717,Super Earth,2016,4.58,5972200000000000000000000,1.98,1,0.0474,0.010403832,0,Transit,M2,M
Kepler-997 b,1525,11.521,Super Earth,2016,2.42,5972200000000000000000000,1.36,1,0.0397,0.007392197,0,Transit,M0 V,M
Kepler-99 b,680,13.206,Super Earth,2014,6.15,5972200000000000000000000,1.48,1,0.0503,0.012594113,0,Transit,M2 V,M
KOI-1599.02,3691,14.795,Super Earth,2019,9,5972200000000000000000000,1.9,1,0.112293,0.037234772,0.01,Transit,M4+/-0.5,M
KOI-1831 d,1636,14.222,Super Earth,2021,2.23,5972200000000000000000000,1.13,1,0.1949,0.0936345,0,Transit,K V,K
KOI-3503 b,2894,13.831,Super Earth,2021,9.2,5972200000000000000000000,1.19,1,0.1462,0.05804244,0,Transit,K V,K
KOI-3503 c,2894,13.831,Super Earth,2021,10.36,5972200000000000000000000,1.21,1,0.1911,0.087063655,0,Transit,K V,K
KOI-55 b,4016,15.154,Terrestrial,2011,0.44,5972200000000000000000000,0.759,1,0.006,0.00054757,0,Orbital Brightness Modulation,K V,K
KOI-7368 b,864,12.969,Neptune-like,2022,5.56,5972200000000000000000000,2.22,1,0.0678,0.018617386,0,Transit,F7/F8V,F
KOI-94 b,1556,12.314,Super Earth,2013,10.5,5972200000000000000000000,1.71,1,0.05119,0.010130048,0.25,Transit,F7/F8V,F
L 168-9 b,82,11.005,Super Earth,2020,4.6,5972200000000000000000000,1.39,1,0.02091,0.003832991,0.21,Transit,F V,F
L 98-59 d,35,11.685,Super Earth,2019,1.94,5972200000000000000000000,1.521,1,0.0486,0.02053388,0.07,Transit,M5.5+/-0.5,M
L 98-59 e,35,11.685,Super Earth,2021,3.06,5972200000000000000000000,1.56,1,0.0717,0.03504449,0.13,Radial Velocity,G9 V,G
LHS 1140 b,49,14.15,Super Earth,2017,6.38,5972200000000000000000000,1.635,1,0.0957,0.06762492,0.096,Transit,G9 V,G
LHS 3844 b,49,15.24,Super Earth,2019,2.25,5972200000000000000000000,1.303,1,0.00622,0.001368925,0,Transit,M0 V,M
LP 791-18 b,86,16.91,Super Earth,2019,1.46,5972200000000000000000000,1.12,1,0.00969,0.002464066,0,Transit,M0 V,M
LTT 1445 A b,22,10.59,Super Earth,2019,2.87,5972200000000000000000000,1.305,1,0.03813,0.014784395,0.11,Transit,M3.0,M
Pi Mensae c,60,5.65,Neptune-like,2018,3.63,5972200000000000000000000,2.06,1,0.068647,0.017248461,0.08,Transit,K6 V,K
Proxima Centauri b,4,11.01,Super Earth,2016,1.07,5972200000000000000000000,1.03,1,0.04856,0.030663928,0.02,Radial Velocity,F8 V,F
Ross 128 b,11,11.12,Super Earth,2017,1.4,5972200000000000000000000,1.11,1,0.0496,0.027104722,0.12,Radial Velocity,M3+/-1,M
Ross 508 b,37,14.18,Super Earth,2022,4,5972200000000000000000000,1.83,1,0.05366,0.02956879,0.33,Radial Velocity,M0.5 V,M
Tau Ceti g,12,3.49607,Super Earth,2017,1.75,5972200000000000000000000,1.18,1,0.133,0.054757014,0.06,Radial Velocity,M V,M
Teegarden's Star b,12,15.13,Super Earth,2019,1.05,5972200000000000000000000,1.02,1,0.0252,0.013415469,0,Radial Velocity,G3 V,G
Teegarden's Star c,12,15.13,Super Earth,2019,1.11,5972200000000000000000000,1.04,1,0.0443,0.031211497,0,Radial Velocity,F V,F
TOI-1075 b,200,12.615,Super Earth,2022,9.95,5972200000000000000000000,1.791,1,0.01159,0.001642711,0,Transit,G V,G
TOI-1235 b,129,11.495,Super Earth,2020,5.9,5972200000000000000000000,1.694,1,0.03826,0.009308693,0.15,Transit,G9 V,G
TOI-1266 c,117,12.941,Super Earth,2020,2.2,5972200000000000000000000,1.56,1,0.1058,0.05147159,0.04,Transit,G9 V,G
TOI-1411 b,106,10.51,Super Earth,2022,2.42,5972200000000000000000000,1.36,1,0.023,0.004106776,0,Transit,G9 V,G
TOI-1634 b,115,13.217,Super Earth,2021,4.91,5972200000000000000000000,1.79,1,0.01545,0.002737851,0.16,Transit,M2.5 V,M
TOI-1685 b,123,13.378,Super Earth,2021,3.78,5972200000000000000000000,1.7,1,0.011557,0.001916496,0,Transit,F6 V,F
TOI-178 b,205,11.955,Super Earth,2021,1.5,5972200000000000000000000,1.152,1,0.02607,0.005201916,0,Transit,M2 V,M
TOI-178 c,205,11.955,Super Earth,2021,4.77,5972200000000000000000000,1.669,1,0.037,0.008761123,0,Transit,F8,F
TOI-178 e,205,11.955,Neptune-like,2021,3.86,5972200000000000000000000,2.207,1,0.0783,0.027378507,0,Transit,M2.5 V,M
TOI-1807 b,139,10,Super Earth,2021,2.57,5972200000000000000000000,1.258,1,0.00812,0.001368925,0,Transit,M2.5 V,M
TOI-1860 b,150,8.4,Super Earth,2022,2.27,5972200000000000000000000,1.31,1,0.0204,0.003011636,0,Transit,M2.5 V,M
TOI-206 b,156,14.938,Super Earth,2022,2.24,5972200000000000000000000,1.3,1,0.0112,0.001916496,0,Transit,M2.5 V,M
TOI-2081 b,203,13.369,Super Earth,2022,4.82,5972200000000000000000000,2.04,1,0.0752,0.028747434,0,Transit,K4.5 V,K
TOI-2136 b,109,14.32,Super Earth,2022,6.37,5972200000000000000000000,2.19,1,0.057,0.02162902,0,Transit,K4.5 V,K
TOI-2257 b,189,15.211,Neptune-like,2021,5.45,5972200000000000000000000,2.194,1,0.145,0.09637235,0.5,Transit,K4.5 V,K
TOI-2260 b,330,10.474,Super Earth,2022,3.26,5972200000000000000000000,1.62,1,0.0097,0.00109514,0,Transit,M4,M
TOI-2285 b,138,13.403,Super Earth,2021,19.5,5972200000000000000000000,1.74,1,0.1363,0.07474332,0.3,Transit,G,G
TOI-237 b,124,16.37,Super Earth,2020,2.67,5972200000000000000000000,1.44,1,0.0341,0.014784395,0,Transit,G,G
TOI-2411 b,194,11.272,Super Earth,2022,3.46,5972200000000000000000000,1.68,1,0.0144,0.002190281,0,Transit,G,G
TOI-2427 b,93,10.295,Super Earth,2022,3.89,5972200000000000000000000,1.8,1,0.0202,0.003559206,0,Transit,M1 V,M
TOI-2445 b,158,15.692,Super Earth,2022,2.1,5972200000000000000000000,1.25,1,0.0064,0.00109514,0,Transit,M1 V,M
TOI-270 b,73,12.603,Super Earth,2019,1.58,5972200000000000000000000,1.206,1,0.03197,0.009308693,0.03,Transit,F3 V,F
TOI-270 d,73,12.603,Neptune-like,2019,4.78,5972200000000000000000000,2.133,1,0.0721,0.031211497,0.03,Transit,G,G
TOI-411 b,205,8.270001,Super Earth,2022,3.61,5972200000000000000000000,1.72,1,0.0528,0.010951404,0.13,Transit,G0 IV,G
TOI-431 b,106,9.12,Super Earth,2021,3.07,5972200000000000000000000,1.28,1,0.0113,0.001368925,0,Transit,K4 V,K
TOI-451 b,404,10.939,Super Earth,2020,4.31,5972200000000000000000000,1.91,1,0.0283,0.005201916,0,Transit,K V,K
TOI-500 b,155,10.54,Super Earth,2022,1.42,5972200000000000000000000,1.166,1,0.01189,0.001368925,0.06,Transit,K V,K
TOI-540 b,46,14.823,Terrestrial,2020,0.674,5972200000000000000000000,0.903,1,0.01223,0.003285421,0,Transit,G,G
TOI-544 b,134,10.777,Super Earth,2022,4.78,5972200000000000000000000,2.03,1,0.0251,0.004106776,0,Transit,F,F
TOI-700 b,102,13.151,Terrestrial,2020,0.704,5972200000000000000000000,0.914,1,0.0677,0.027378507,0.08,Transit,G V,G
TOI-700 e,102,13.151,Terrestrial,2023,0.818,5972200000000000000000000,0.953,1,0.134,0.07611225,0.06,Transit,K2.5 V,K
TOI-712 b,191,10.838,Super Earth,2022,4.85,5972200000000000000000000,2.049,1,0.07928,0.026009582,0.54,Transit,K2.5 V,K
TOI-776 c,89,11.536,Super Earth,2020,5.3,5972200000000000000000000,2.02,1,0.1,0.04298426,0.04,Transit,K V,K
TOI-833 b,136,11.724,Super Earth,2022,2.15,5972200000000000000000000,1.27,1,0.0171,0.002737851,0,Transit,K V,K
Wolf 1061 c,14,10.1,Super Earth,2015,3.41,5972200000000000000000000,1.66,1,0.089,0.049007528,0.11,Radial Velocity,M1.0 V,M
YZ Ceti d,12,12.074,Super Earth,2017,1.09,5972200000000000000000000,1.03,1,0.02851,0.012867898,0.07,Radial Velocity,K3 IV,K
K2-137 b,323,15.94,Terrestrial,2017,0.5,1898130000000000000000000000,0.64,1,0.0058,0.00054757,0,Transit,K3 IV,K
Kepler-23 b,2726,13.567,Neptune-like,2011,0.8,1898130000000000000000000000,1.9,1,0.075,0.01943874,0.06,Transit,M7.0 V,M
Kepler-240 c,2436,15.953,Super Earth,2014,0.322,1898130000000000000000000000,2.2,1,0.074,0.021902807,0,Transit,M7.0 V,M
Kepler-245 c,2810,15.546,Super Earth,2014,0.71,1898130000000000000000000000,2.18,1,0.124,0.04791239,0,Transit,K0 V,K
Kepler-272 b,2902,14.811,Super Earth,2014,0.245,1898130000000000000000000000,1.43,1,0.038,0.008213553,0,Transit,G0 V,G
Kepler-272 c,2902,14.811,Super Earth,2014,0.308,1898130000000000000000000000,1.79,1,0.061,0.01670089,0,Transit,G4 V,G
Kepler-317 b,3068,15.665,Super Earth,2014,0.345,1898130000000000000000000000,2.09,1,0.061,0.015058179,0,Transit,F8 V,F
Kepler-326 b,1591,13.734,Super Earth,2014,0.14,1898130000000000000000000000,1.52,1,0.032,0.006023272,0,Transit,M7,M
Kepler-32 b,1056,16.36,Gas Giant,2011,4.1,1898130000000000000000000000,2.2,1,0.05,0.01615332,0,Transit,M3.0 V,M
Kepler-32 c,1056,16.36,Neptune-like,2011,0.5,1898130000000000000000000000,2,1,0.09,0.024093088,0,Transit,M2.5 V,M
Kepler-415 b,1730,16.142,Super Earth,2014,0.377,1898130000000000000000000000,1.21,1,0.0426,0.011498973,0,Transit Timing Variations,sdBV,s
Kepler-52 b,1049,15.513,Neptune-like,2012,0.42476,1898130000000000000000000000,2.1,1,0.0637,0.02162902,0,Transit,K1,K
Kepler-52 c,1049,15.513,Gas Giant,2012,0.14284,1898130000000000000000000000,1.84,1,0.10379,0.044900753,0,Transit,K1,K
Kepler-55 c,1888,15.746,Super Earth,2012,0.22,1898130000000000000000000000,2.21,1,0.2095,0.11553731,0,Transit,K1,K
Kepler-57 b,2101,15.017,Gas Giant,2012,0.36183,1898130000000000000000000000,2.19,1,0.06,0.015605749,0,Transit,K1,K
TOI-1670 b,548,9.889,Super Earth,2022,0.13,1898130000000000000000000000,2.06,1,0.103,0.030116359,0.59,Transit,M7.5,M
TOI-1749 b,325,13.86,Super Earth,2021,0.17934,1898130000000000000000000000,1.39,1,0.0291,0.006570842,0.14,Transit,F7 V,F
